rank,User_id,User_name,Review_Count,category,Ratings
1,8k3aO-mPeyhbR5HUucA5aA,Victor,11954,Resorts,3.5
1,8k3aO-mPeyhbR5HUucA5aA,Victor,11954,Event Planning & Services,3.0
1,8k3aO-mPeyhbR5HUucA5aA,Victor,11954,Hotels & Travel,3.0
1,8k3aO-mPeyhbR5HUucA5aA,Victor,11954,Casinos,3.0
1,8k3aO-mPeyhbR5HUucA5aA,Victor,11954,Transportation,3.0
1,8k3aO-mPeyhbR5HUucA5aA,Victor,11954,Arts & Entertainment,3.0
1,8k3aO-mPeyhbR5HUucA5aA,Victor,11954,Airlines,3.0
1,8k3aO-mPeyhbR5HUucA5aA,Victor,11954,Hotels,3.0
1,8k3aO-mPeyhbR5HUucA5aA,Victor,11954,Drugstores,1.5
1,8k3aO-mPeyhbR5HUucA5aA,Victor,11954,Shopping,1.5
2,RtGqdDBvvBCjcu5dUqwfzA,Shila,11323,Pet Services,5.0
2,RtGqdDBvvBCjcu5dUqwfzA,Shila,11323,Pets,5.0
2,RtGqdDBvvBCjcu5dUqwfzA,Shila,11323,Health Markets,4.5
2,RtGqdDBvvBCjcu5dUqwfzA,Shila,11323,Coffee & Tea Supplies,4.5
2,RtGqdDBvvBCjcu5dUqwfzA,Shila,11323,Public Services & Government,4.5
2,RtGqdDBvvBCjcu5dUqwfzA,Shila,11323,Arts & Crafts,4.5
2,RtGqdDBvvBCjcu5dUqwfzA,Shila,11323,Coffee & Tea,4.5
2,RtGqdDBvvBCjcu5dUqwfzA,Shila,11323,Landmarks & Historical Buildings,4.5
2,RtGqdDBvvBCjcu5dUqwfzA,Shila,11323,Street Art,4.5
2,RtGqdDBvvBCjcu5dUqwfzA,Shila,11323,Toy Stores,4.25
2,RtGqdDBvvBCjcu5dUqwfzA,Shila,11323,Performing Arts,4.166666666666667
2,RtGqdDBvvBCjcu5dUqwfzA,Shila,11323,Specialty Food,4.125
2,RtGqdDBvvBCjcu5dUqwfzA,Shila,11323,Books,4.0
2,RtGqdDBvvBCjcu5dUqwfzA,Shila,11323,Mags,4.0
2,RtGqdDBvvBCjcu5dUqwfzA,Shila,11323,Music & Video,4.0
2,RtGqdDBvvBCjcu5dUqwfzA,Shila,11323,Adult Entertainment,4.0
2,RtGqdDBvvBCjcu5dUqwfzA,Shila,11323,Lingerie,4.0
2,RtGqdDBvvBCjcu5dUqwfzA,Shila,11323,Candy Stores,4.0
2,RtGqdDBvvBCjcu5dUqwfzA,Shila,11323,Steakhouses,4.0
2,RtGqdDBvvBCjcu5dUqwfzA,Shila,11323,Local Flavor,4.0
2,RtGqdDBvvBCjcu5dUqwfzA,Shila,11323,Chocolatiers & Shops,4.0
2,RtGqdDBvvBCjcu5dUqwfzA,Shila,11323,Videos & Video Game Rental,4.0
2,RtGqdDBvvBCjcu5dUqwfzA,Shila,11323,Souvenir Shops,4.0
2,RtGqdDBvvBCjcu5dUqwfzA,Shila,11323,Hobby Shops,4.0
2,RtGqdDBvvBCjcu5dUqwfzA,Shila,11323,Food,3.9285714285714284
2,RtGqdDBvvBCjcu5dUqwfzA,Shila,11323,Shopping,3.9166666666666665
2,RtGqdDBvvBCjcu5dUqwfzA,Shila,11323,Fashion,3.8333333333333335
2,RtGqdDBvvBCjcu5dUqwfzA,Shila,11323,Active Life,3.5
2,RtGqdDBvvBCjcu5dUqwfzA,Shila,11323,Venues & Event Spaces,3.5
2,RtGqdDBvvBCjcu5dUqwfzA,Shila,11323,Amusement Parks,3.5
2,RtGqdDBvvBCjcu5dUqwfzA,Shila,11323,Nightlife,3.5
2,RtGqdDBvvBCjcu5dUqwfzA,Shila,11323,Cajun/Creole,3.5
2,RtGqdDBvvBCjcu5dUqwfzA,Shila,11323,Shopping Centers,3.5
2,RtGqdDBvvBCjcu5dUqwfzA,Shila,11323,Musicians,3.5
2,RtGqdDBvvBCjcu5dUqwfzA,Shila,11323,Department Stores,3.5
2,RtGqdDBvvBCjcu5dUqwfzA,Shila,11323,Comic Books,3.5
2,RtGqdDBvvBCjcu5dUqwfzA,Shila,11323,Museums,3.5
2,RtGqdDBvvBCjcu5dUqwfzA,Shila,11323,Music & DVDs,3.5
2,RtGqdDBvvBCjcu5dUqwfzA,Shila,11323,Music Venues,3.5
2,RtGqdDBvvBCjcu5dUqwfzA,Shila,11323,Burgers,3.5
2,RtGqdDBvvBCjcu5dUqwfzA,Shila,11323,Arts & Entertainment,3.3333333333333335
2,RtGqdDBvvBCjcu5dUqwfzA,Shila,11323,American (New),3.3333333333333335
2,RtGqdDBvvBCjcu5dUqwfzA,Shila,11323,Bars,3.25
2,RtGqdDBvvBCjcu5dUqwfzA,Shila,11323,Bakeries,3.25
2,RtGqdDBvvBCjcu5dUqwfzA,Shila,11323,Restaurants,3.142857142857143
2,RtGqdDBvvBCjcu5dUqwfzA,Shila,11323,Casinos,3.05
2,RtGqdDBvvBCjcu5dUqwfzA,Shila,11323,Breakfast & Brunch,3.0
2,RtGqdDBvvBCjcu5dUqwfzA,Shila,11323,Television Stations,3.0
2,RtGqdDBvvBCjcu5dUqwfzA,Shila,11323,Pest Control,3.0
2,RtGqdDBvvBCjcu5dUqwfzA,Shila,11323,Health & Medical,3.0
2,RtGqdDBvvBCjcu5dUqwfzA,Shila,11323,Radio Stations,3.0
2,RtGqdDBvvBCjcu5dUqwfzA,Shila,11323,Weight Loss Centers,3.0
2,RtGqdDBvvBCjcu5dUqwfzA,Shila,11323,Mass Media,3.0
2,RtGqdDBvvBCjcu5dUqwfzA,Shila,11323,Local Services,3.0
2,RtGqdDBvvBCjcu5dUqwfzA,Shila,11323,Hotels,2.9444444444444446
2,RtGqdDBvvBCjcu5dUqwfzA,Shila,11323,Event Planning & Services,2.9444444444444446
2,RtGqdDBvvBCjcu5dUqwfzA,Shila,11323,Hotels & Travel,2.9444444444444446
2,RtGqdDBvvBCjcu5dUqwfzA,Shila,11323,American (Traditional),2.875
2,RtGqdDBvvBCjcu5dUqwfzA,Shila,11323,Resorts,2.875
2,RtGqdDBvvBCjcu5dUqwfzA,Shila,11323,Buffets,2.5
2,RtGqdDBvvBCjcu5dUqwfzA,Shila,11323,Diners,2.5
3,P5bUL3Engv-2z6kKohB6qQ,Kim,9788,Bakeries,4.25
3,P5bUL3Engv-2z6kKohB6qQ,Kim,9788,Food,4.125
3,P5bUL3Engv-2z6kKohB6qQ,Kim,9788,Mediterranean,4.0
3,P5bUL3Engv-2z6kKohB6qQ,Kim,9788,Arts & Entertainment,4.0
3,P5bUL3Engv-2z6kKohB6qQ,Kim,9788,Museums,4.0
3,P5bUL3Engv-2z6kKohB6qQ,Kim,9788,International Grocery,4.0
3,P5bUL3Engv-2z6kKohB6qQ,Kim,9788,Breweries,4.0
3,P5bUL3Engv-2z6kKohB6qQ,Kim,9788,Bars,4.0
3,P5bUL3Engv-2z6kKohB6qQ,Kim,9788,Specialty Food,4.0
3,P5bUL3Engv-2z6kKohB6qQ,Kim,9788,Grocery,4.0
3,P5bUL3Engv-2z6kKohB6qQ,Kim,9788,Nightlife,4.0
3,P5bUL3Engv-2z6kKohB6qQ,Kim,9788,Ethnic Food,4.0
3,P5bUL3Engv-2z6kKohB6qQ,Kim,9788,American (New),4.0
3,P5bUL3Engv-2z6kKohB6qQ,Kim,9788,Restaurants,3.75
3,P5bUL3Engv-2z6kKohB6qQ,Kim,9788,Japanese,3.5
4,hWDybu_KvYLSdEFzGrniTw,Bruce,8353,Funeral Services & Cemeteries,5.0
4,hWDybu_KvYLSdEFzGrniTw,Bruce,8353,Home Cleaning,5.0
4,hWDybu_KvYLSdEFzGrniTw,Bruce,8353,Photographers,5.0
4,hWDybu_KvYLSdEFzGrniTw,Bruce,8353,Office Cleaning,5.0
4,hWDybu_KvYLSdEFzGrniTw,Bruce,8353,Transmission Repair,5.0
4,hWDybu_KvYLSdEFzGrniTw,Bruce,8353,Musical Instruments & Teachers,5.0
4,hWDybu_KvYLSdEFzGrniTw,Bruce,8353,Walking Tours,5.0
4,hWDybu_KvYLSdEFzGrniTw,Bruce,8353,Art Schools,5.0
4,hWDybu_KvYLSdEFzGrniTw,Bruce,8353,Shoe Repair,4.75
4,hWDybu_KvYLSdEFzGrniTw,Bruce,8353,Boating,4.5
4,hWDybu_KvYLSdEFzGrniTw,Bruce,8353,Comic Books,4.5
4,hWDybu_KvYLSdEFzGrniTw,Bruce,8353,Chocolatiers & Shops,4.5
4,hWDybu_KvYLSdEFzGrniTw,Bruce,8353,Smokehouse,4.5
4,hWDybu_KvYLSdEFzGrniTw,Bruce,8353,Video Game Stores,4.5
4,hWDybu_KvYLSdEFzGrniTw,Bruce,8353,Street Art,4.5
4,hWDybu_KvYLSdEFzGrniTw,Bruce,8353,Auto Glass Services,4.5
4,hWDybu_KvYLSdEFzGrniTw,Bruce,8353,Churches,4.5
4,hWDybu_KvYLSdEFzGrniTw,Bruce,8353,Himalayan/Nepalese,4.5
4,hWDybu_KvYLSdEFzGrniTw,Bruce,8353,Wheel & Rim Repair,4.5
4,hWDybu_KvYLSdEFzGrniTw,Bruce,8353,Hiking,4.5
4,hWDybu_KvYLSdEFzGrniTw,Bruce,8353,Leisure Centers,4.5
4,hWDybu_KvYLSdEFzGrniTw,Bruce,8353,Internal Medicine,4.5
4,hWDybu_KvYLSdEFzGrniTw,Bruce,8353,Gelato,4.5
4,hWDybu_KvYLSdEFzGrniTw,Bruce,8353,Pretzels,4.5
4,hWDybu_KvYLSdEFzGrniTw,Bruce,8353,Contractors,4.5
4,hWDybu_KvYLSdEFzGrniTw,Bruce,8353,Carpeting,4.5
4,hWDybu_KvYLSdEFzGrniTw,Bruce,8353,Scottish,4.5
4,hWDybu_KvYLSdEFzGrniTw,Bruce,8353,Observatories,4.5
4,hWDybu_KvYLSdEFzGrniTw,Bruce,8353,Middle Eastern,4.5
4,hWDybu_KvYLSdEFzGrniTw,Bruce,8353,Keys & Locksmiths,4.5
4,hWDybu_KvYLSdEFzGrniTw,Bruce,8353,Windshield Installation & Repair,4.5
4,hWDybu_KvYLSdEFzGrniTw,Bruce,8353,Shoe Shine,4.5
4,hWDybu_KvYLSdEFzGrniTw,Bruce,8353,Party & Event Planning,4.5
4,hWDybu_KvYLSdEFzGrniTw,Bruce,8353,Halal,4.5
4,hWDybu_KvYLSdEFzGrniTw,Bruce,8353,Religious Organizations,4.5
4,hWDybu_KvYLSdEFzGrniTw,Bruce,8353,Beer Gardens,4.5
4,hWDybu_KvYLSdEFzGrniTw,Bruce,8353,Shades & Blinds,4.5
4,hWDybu_KvYLSdEFzGrniTw,Bruce,8353,Mailbox Centers,4.5
4,hWDybu_KvYLSdEFzGrniTw,Bruce,8353,Street Vendors,4.5
4,hWDybu_KvYLSdEFzGrniTw,Bruce,8353,Candy Stores,4.5
4,hWDybu_KvYLSdEFzGrniTw,Bruce,8353,Public Markets,4.5
4,hWDybu_KvYLSdEFzGrniTw,Bruce,8353,Home Window Tinting,4.5
4,hWDybu_KvYLSdEFzGrniTw,Bruce,8353,Countertop Installation,4.5
4,hWDybu_KvYLSdEFzGrniTw,Bruce,8353,Dog Parks,4.5
4,hWDybu_KvYLSdEFzGrniTw,Bruce,8353,Specialty Schools,4.375
4,hWDybu_KvYLSdEFzGrniTw,Bruce,8353,Food Trucks,4.333333333333333
4,hWDybu_KvYLSdEFzGrniTw,Bruce,8353,Peruvian,4.333333333333333
4,hWDybu_KvYLSdEFzGrniTw,Bruce,8353,Wraps,4.333333333333333
4,hWDybu_KvYLSdEFzGrniTw,Bruce,8353,Local Flavor,4.294117647058823
4,hWDybu_KvYLSdEFzGrniTw,Bruce,8353,Accessories,4.25
4,hWDybu_KvYLSdEFzGrniTw,Bruce,8353,Arcades,4.25
4,hWDybu_KvYLSdEFzGrniTw,Bruce,8353,German,4.25
4,hWDybu_KvYLSdEFzGrniTw,Bruce,8353,Art Classes,4.25
4,hWDybu_KvYLSdEFzGrniTw,Bruce,8353,Landmarks & Historical Buildings,4.2
4,hWDybu_KvYLSdEFzGrniTw,Bruce,8353,Museums,4.176470588235294
4,hWDybu_KvYLSdEFzGrniTw,Bruce,8353,Cards & Stationery,4.166666666666667
4,hWDybu_KvYLSdEFzGrniTw,Bruce,8353,Festivals,4.166666666666667
4,hWDybu_KvYLSdEFzGrniTw,Bruce,8353,Parks,4.15625
4,hWDybu_KvYLSdEFzGrniTw,Bruce,8353,Performing Arts,4.142857142857143
4,hWDybu_KvYLSdEFzGrniTw,Bruce,8353,Farmers Market,4.125
4,hWDybu_KvYLSdEFzGrniTw,Bruce,8353,Creperies,4.1
4,hWDybu_KvYLSdEFzGrniTw,Bruce,8353,Jewelry,4.083333333333333
4,hWDybu_KvYLSdEFzGrniTw,Bruce,8353,Beer Bar,4.071428571428571
4,hWDybu_KvYLSdEFzGrniTw,Bruce,8353,Active Life,4.0344827586206895
4,hWDybu_KvYLSdEFzGrniTw,Bruce,8353,Bikes,4.0
4,hWDybu_KvYLSdEFzGrniTw,Bruce,8353,Beaches,4.0
4,hWDybu_KvYLSdEFzGrniTw,Bruce,8353,Irish,4.0
4,hWDybu_KvYLSdEFzGrniTw,Bruce,8353,Bowling,4.0
4,hWDybu_KvYLSdEFzGrniTw,Bruce,8353,Art Galleries,4.0
4,hWDybu_KvYLSdEFzGrniTw,Bruce,8353,Head Shops,4.0
4,hWDybu_KvYLSdEFzGrniTw,Bruce,8353,Dance Wear,4.0
4,hWDybu_KvYLSdEFzGrniTw,Bruce,8353,Ramen,4.0
4,hWDybu_KvYLSdEFzGrniTw,Bruce,8353,Electronics Repair,4.0
4,hWDybu_KvYLSdEFzGrniTw,Bruce,8353,Whiskey Bars,4.0
4,hWDybu_KvYLSdEFzGrniTw,Bruce,8353,Ethiopian,4.0
4,hWDybu_KvYLSdEFzGrniTw,Bruce,8353,Shaved Ice,4.0
4,hWDybu_KvYLSdEFzGrniTw,Bruce,8353,Periodontists,4.0
4,hWDybu_KvYLSdEFzGrniTw,Bruce,8353,Custom Cakes,4.0
4,hWDybu_KvYLSdEFzGrniTw,Bruce,8353,Tacos,4.0
4,hWDybu_KvYLSdEFzGrniTw,Bruce,8353,Used Car Dealers,4.0
4,hWDybu_KvYLSdEFzGrniTw,Bruce,8353,Wineries,4.0
4,hWDybu_KvYLSdEFzGrniTw,Bruce,8353,Car Buyers,4.0
4,hWDybu_KvYLSdEFzGrniTw,Bruce,8353,Telecommunications,4.0
4,hWDybu_KvYLSdEFzGrniTw,Bruce,8353,Cosmetic Dentists,4.0
4,hWDybu_KvYLSdEFzGrniTw,Bruce,8353,Brazilian,4.0
4,hWDybu_KvYLSdEFzGrniTw,Bruce,8353,Do-It-Yourself Food,4.0
4,hWDybu_KvYLSdEFzGrniTw,Bruce,8353,Fruits & Veggies,4.0
4,hWDybu_KvYLSdEFzGrniTw,Bruce,8353,Art Museums,4.0
4,hWDybu_KvYLSdEFzGrniTw,Bruce,8353,Baby Gear & Furniture,4.0
4,hWDybu_KvYLSdEFzGrniTw,Bruce,8353,Insurance,4.0
4,hWDybu_KvYLSdEFzGrniTw,Bruce,8353,Cupcakes,4.0
4,hWDybu_KvYLSdEFzGrniTw,Bruce,8353,Buses,4.0
4,hWDybu_KvYLSdEFzGrniTw,Bruce,8353,Caribbean,4.0
4,hWDybu_KvYLSdEFzGrniTw,Bruce,8353,Bike Rentals,4.0
4,hWDybu_KvYLSdEFzGrniTw,Bruce,8353,Tapas Bars,4.0
4,hWDybu_KvYLSdEFzGrniTw,Bruce,8353,Modern European,4.0
4,hWDybu_KvYLSdEFzGrniTw,Bruce,8353,Colombian,4.0
4,hWDybu_KvYLSdEFzGrniTw,Bruce,8353,Lakes,4.0
4,hWDybu_KvYLSdEFzGrniTw,Bruce,8353,Airport Terminals,4.0
4,hWDybu_KvYLSdEFzGrniTw,Bruce,8353,Bubble Tea,4.0
4,hWDybu_KvYLSdEFzGrniTw,Bruce,8353,Firearm Training,4.0
4,hWDybu_KvYLSdEFzGrniTw,Bruce,8353,Distilleries,4.0
4,hWDybu_KvYLSdEFzGrniTw,Bruce,8353,Used Bookstore,4.0
4,hWDybu_KvYLSdEFzGrniTw,Bruce,8353,Irish Pub,4.0
4,hWDybu_KvYLSdEFzGrniTw,Bruce,8353,Bike Sharing,4.0
4,hWDybu_KvYLSdEFzGrniTw,Bruce,8353,Tapas/Small Plates,4.0
4,hWDybu_KvYLSdEFzGrniTw,Bruce,8353,Wigs,4.0
4,hWDybu_KvYLSdEFzGrniTw,Bruce,8353,Mediterranean,4.0
4,hWDybu_KvYLSdEFzGrniTw,Bruce,8353,Cafes,3.9791666666666665
4,hWDybu_KvYLSdEFzGrniTw,Bruce,8353,Education,3.9583333333333335
4,hWDybu_KvYLSdEFzGrniTw,Bruce,8353,Specialty Food,3.9482758620689653
4,hWDybu_KvYLSdEFzGrniTw,Bruce,8353,Arts & Entertainment,3.9444444444444446
4,hWDybu_KvYLSdEFzGrniTw,Bruce,8353,Vietnamese,3.9285714285714284
4,hWDybu_KvYLSdEFzGrniTw,Bruce,8353,Vegetarian,3.9166666666666665
4,hWDybu_KvYLSdEFzGrniTw,Bruce,8353,Tours,3.9
4,hWDybu_KvYLSdEFzGrniTw,Bruce,8353,Ethnic Food,3.9
4,hWDybu_KvYLSdEFzGrniTw,Bruce,8353,Indian,3.875
4,hWDybu_KvYLSdEFzGrniTw,Bruce,8353,Cajun/Creole,3.875
4,hWDybu_KvYLSdEFzGrniTw,Bruce,8353,Comfort Food,3.857142857142857
4,hWDybu_KvYLSdEFzGrniTw,Bruce,8353,Furniture Stores,3.857142857142857
4,hWDybu_KvYLSdEFzGrniTw,Bruce,8353,Desserts,3.85
4,hWDybu_KvYLSdEFzGrniTw,Bruce,8353,Wine Bars,3.8461538461538463
4,hWDybu_KvYLSdEFzGrniTw,Bruce,8353,Videos & Video Game Rental,3.8333333333333335
4,hWDybu_KvYLSdEFzGrniTw,Bruce,8353,Canadian (New),3.8333333333333335
4,hWDybu_KvYLSdEFzGrniTw,Bruce,8353,Vegan,3.8333333333333335
4,hWDybu_KvYLSdEFzGrniTw,Bruce,8353,Outlet Stores,3.8333333333333335
4,hWDybu_KvYLSdEFzGrniTw,Bruce,8353,Self Storage,3.8333333333333335
4,hWDybu_KvYLSdEFzGrniTw,Bruce,8353,Public Transportation,3.8095238095238093
4,hWDybu_KvYLSdEFzGrniTw,Bruce,8353,Train Stations,3.8
4,hWDybu_KvYLSdEFzGrniTw,Bruce,8353,Bakeries,3.7954545454545454
4,hWDybu_KvYLSdEFzGrniTw,Bruce,8353,Kitchen & Bath,3.7857142857142856
4,hWDybu_KvYLSdEFzGrniTw,Bruce,8353,Breweries,3.772727272727273
4,hWDybu_KvYLSdEFzGrniTw,Bruce,8353,Orthodontists,3.75
4,hWDybu_KvYLSdEFzGrniTw,Bruce,8353,Tobacco Shops,3.75
4,hWDybu_KvYLSdEFzGrniTw,Bruce,8353,Greek,3.75
4,hWDybu_KvYLSdEFzGrniTw,Bruce,8353,Libraries,3.75
4,hWDybu_KvYLSdEFzGrniTw,Bruce,8353,Professional Sports Teams,3.75
4,hWDybu_KvYLSdEFzGrniTw,Bruce,8353,Toy Stores,3.75
4,hWDybu_KvYLSdEFzGrniTw,Bruce,8353,General Dentistry,3.75
4,hWDybu_KvYLSdEFzGrniTw,Bruce,8353,Noodles,3.75
4,hWDybu_KvYLSdEFzGrniTw,Bruce,8353,Spanish,3.75
4,hWDybu_KvYLSdEFzGrniTw,Bruce,8353,Dentists,3.75
4,hWDybu_KvYLSdEFzGrniTw,Bruce,8353,Educational Services,3.75
4,hWDybu_KvYLSdEFzGrniTw,Bruce,8353,Thai,3.75
4,hWDybu_KvYLSdEFzGrniTw,Bruce,8353,French,3.75
4,hWDybu_KvYLSdEFzGrniTw,Bruce,8353,Shoe Stores,3.75
4,hWDybu_KvYLSdEFzGrniTw,Bruce,8353,Meat Shops,3.75
4,hWDybu_KvYLSdEFzGrniTw,Bruce,8353,British,3.75
4,hWDybu_KvYLSdEFzGrniTw,Bruce,8353,Books,3.738095238095238
4,hWDybu_KvYLSdEFzGrniTw,Bruce,8353,Mags,3.738095238095238
4,hWDybu_KvYLSdEFzGrniTw,Bruce,8353,Music & Video,3.738095238095238
4,hWDybu_KvYLSdEFzGrniTw,Bruce,8353,Stadiums & Arenas,3.7
4,hWDybu_KvYLSdEFzGrniTw,Bruce,8353,Gluten-Free,3.7
4,hWDybu_KvYLSdEFzGrniTw,Bruce,8353,Home Decor,3.6875
4,hWDybu_KvYLSdEFzGrniTw,Bruce,8353,Wine & Spirits,3.6818181818181817
4,hWDybu_KvYLSdEFzGrniTw,Bruce,8353,Beer,3.6818181818181817
4,hWDybu_KvYLSdEFzGrniTw,Bruce,8353,Shopping Centers,3.6785714285714284
4,hWDybu_KvYLSdEFzGrniTw,Bruce,8353,Health Markets,3.6666666666666665
4,hWDybu_KvYLSdEFzGrniTw,Bruce,8353,Imported Food,3.6666666666666665
4,hWDybu_KvYLSdEFzGrniTw,Bruce,8353,Car Dealers,3.6666666666666665
4,hWDybu_KvYLSdEFzGrniTw,Bruce,8353,Mobile Phone Repair,3.6666666666666665
4,hWDybu_KvYLSdEFzGrniTw,Bruce,8353,Bookstores,3.6666666666666665
4,hWDybu_KvYLSdEFzGrniTw,Bruce,8353,Smog Check Stations,3.6666666666666665
4,hWDybu_KvYLSdEFzGrniTw,Bruce,8353,Brasseries,3.6666666666666665
4,hWDybu_KvYLSdEFzGrniTw,Bruce,8353,Oil Change Stations,3.6666666666666665
4,hWDybu_KvYLSdEFzGrniTw,Bruce,8353,Pakistani,3.6666666666666665
4,hWDybu_KvYLSdEFzGrniTw,Bruce,8353,Italian,3.65
4,hWDybu_KvYLSdEFzGrniTw,Bruce,8353,Health & Medical,3.65
4,hWDybu_KvYLSdEFzGrniTw,Bruce,8353,Cinema,3.642857142857143
4,hWDybu_KvYLSdEFzGrniTw,Bruce,8353,Outdoor Gear,3.642857142857143
4,hWDybu_KvYLSdEFzGrniTw,Bruce,8353,Cocktail Bars,3.642857142857143
4,hWDybu_KvYLSdEFzGrniTw,Bruce,8353,Kosher,3.625
4,hWDybu_KvYLSdEFzGrniTw,Bruce,8353,Gift Shops,3.625
4,hWDybu_KvYLSdEFzGrniTw,Bruce,8353,Gun/Rifle Ranges,3.625
4,hWDybu_KvYLSdEFzGrniTw,Bruce,8353,Caterers,3.62
4,hWDybu_KvYLSdEFzGrniTw,Bruce,8353,Flowers & Gifts,3.6166666666666667
4,hWDybu_KvYLSdEFzGrniTw,Bruce,8353,Delis,3.609375
4,hWDybu_KvYLSdEFzGrniTw,Bruce,8353,Notaries,3.6
4,hWDybu_KvYLSdEFzGrniTw,Bruce,8353,Arts & Crafts,3.6
4,hWDybu_KvYLSdEFzGrniTw,Bruce,8353,Soul Food,3.6
4,hWDybu_KvYLSdEFzGrniTw,Bruce,8353,Doctors,3.6
4,hWDybu_KvYLSdEFzGrniTw,Bruce,8353,Southern,3.6
4,hWDybu_KvYLSdEFzGrniTw,Bruce,8353,Venues & Event Spaces,3.6
4,hWDybu_KvYLSdEFzGrniTw,Bruce,8353,Soup,3.590909090909091
4,hWDybu_KvYLSdEFzGrniTw,Bruce,8353,Event Planning & Services,3.5859375
4,hWDybu_KvYLSdEFzGrniTw,Bruce,8353,Music Venues,3.5833333333333335
4,hWDybu_KvYLSdEFzGrniTw,Bruce,8353,Gastropubs,3.5833333333333335
4,hWDybu_KvYLSdEFzGrniTw,Bruce,8353,Steakhouses,3.576923076923077
4,hWDybu_KvYLSdEFzGrniTw,Bruce,8353,Japanese,3.575
4,hWDybu_KvYLSdEFzGrniTw,Bruce,8353,Coffee & Tea,3.5714285714285716
4,hWDybu_KvYLSdEFzGrniTw,Bruce,8353,Pubs,3.5714285714285716
4,hWDybu_KvYLSdEFzGrniTw,Bruce,8353,Local Services,3.5714285714285716
4,hWDybu_KvYLSdEFzGrniTw,Bruce,8353,Asian Fusion,3.5714285714285716
4,hWDybu_KvYLSdEFzGrniTw,Bruce,8353,Juice Bars & Smoothies,3.5714285714285716
4,hWDybu_KvYLSdEFzGrniTw,Bruce,8353,Sandwiches,3.567073170731707
4,hWDybu_KvYLSdEFzGrniTw,Bruce,8353,Latin American,3.5625
4,hWDybu_KvYLSdEFzGrniTw,Bruce,8353,Nightlife,3.549382716049383
4,hWDybu_KvYLSdEFzGrniTw,Bruce,8353,Sushi Bars,3.5476190476190474
4,hWDybu_KvYLSdEFzGrniTw,Bruce,8353,Bars,3.5443037974683542
4,hWDybu_KvYLSdEFzGrniTw,Bruce,8353,Seafood,3.533333333333333
4,hWDybu_KvYLSdEFzGrniTw,Bruce,8353,Salad,3.5285714285714285
4,hWDybu_KvYLSdEFzGrniTw,Bruce,8353,Food,3.528523489932886
4,hWDybu_KvYLSdEFzGrniTw,Bruce,8353,Breakfast & Brunch,3.5232558139534884
4,hWDybu_KvYLSdEFzGrniTw,Bruce,8353,Public Services & Government,3.521276595744681
4,hWDybu_KvYLSdEFzGrniTw,Bruce,8353,American (New),3.516949152542373
4,hWDybu_KvYLSdEFzGrniTw,Bruce,8353,Pizza,3.5121951219512195
4,hWDybu_KvYLSdEFzGrniTw,Bruce,8353,Oral Surgeons,3.5
4,hWDybu_KvYLSdEFzGrniTw,Bruce,8353,Cheesesteaks,3.5
4,hWDybu_KvYLSdEFzGrniTw,Bruce,8353,Motorcycle Dealers,3.5
4,hWDybu_KvYLSdEFzGrniTw,Bruce,8353,Travel Services,3.5
4,hWDybu_KvYLSdEFzGrniTw,Bruce,8353,Rest Stops,3.5
4,hWDybu_KvYLSdEFzGrniTw,Bruce,8353,Machine & Tool Rental,3.5
4,hWDybu_KvYLSdEFzGrniTw,Bruce,8353,Gyms,3.5
4,hWDybu_KvYLSdEFzGrniTw,Bruce,8353,Fitness & Instruction,3.5
4,hWDybu_KvYLSdEFzGrniTw,Bruce,8353,Florists,3.5
4,hWDybu_KvYLSdEFzGrniTw,Bruce,8353,Trainers,3.5
4,hWDybu_KvYLSdEFzGrniTw,Bruce,8353,Pet Sitting,3.5
4,hWDybu_KvYLSdEFzGrniTw,Bruce,8353,Party Supplies,3.5
4,hWDybu_KvYLSdEFzGrniTw,Bruce,8353,Car Share Services,3.5
4,hWDybu_KvYLSdEFzGrniTw,Bruce,8353,Flooring,3.5
4,hWDybu_KvYLSdEFzGrniTw,Bruce,8353,Police Departments,3.5
4,hWDybu_KvYLSdEFzGrniTw,Bruce,8353,Sports Clubs,3.5
4,hWDybu_KvYLSdEFzGrniTw,Bruce,8353,Family Practice,3.5
4,hWDybu_KvYLSdEFzGrniTw,Bruce,8353,Used,3.5
4,hWDybu_KvYLSdEFzGrniTw,Bruce,8353,Dry Cleaning & Laundry,3.5
4,hWDybu_KvYLSdEFzGrniTw,Bruce,8353,Movers,3.5
4,hWDybu_KvYLSdEFzGrniTw,Bruce,8353,Pediatric Dentists,3.5
4,hWDybu_KvYLSdEFzGrniTw,Bruce,8353,Vitamins & Supplements,3.5
4,hWDybu_KvYLSdEFzGrniTw,Bruce,8353,Barbeque,3.5
4,hWDybu_KvYLSdEFzGrniTw,Bruce,8353,Laundry Services,3.5
4,hWDybu_KvYLSdEFzGrniTw,Bruce,8353,Women's Clothing,3.5
4,hWDybu_KvYLSdEFzGrniTw,Bruce,8353,Pediatricians,3.5
4,hWDybu_KvYLSdEFzGrniTw,Bruce,8353,Patisserie/Cake Shop,3.5
4,hWDybu_KvYLSdEFzGrniTw,Bruce,8353,Piano Bars,3.5
4,hWDybu_KvYLSdEFzGrniTw,Bruce,8353,Hunting & Fishing Supplies,3.5
4,hWDybu_KvYLSdEFzGrniTw,Bruce,8353,Auto Detailing,3.5
4,hWDybu_KvYLSdEFzGrniTw,Bruce,8353,Costumes,3.5
4,hWDybu_KvYLSdEFzGrniTw,Bruce,8353,Hospitals,3.5
4,hWDybu_KvYLSdEFzGrniTw,Bruce,8353,Vintage & Consignment,3.5
4,hWDybu_KvYLSdEFzGrniTw,Bruce,8353,Butcher,3.5
4,hWDybu_KvYLSdEFzGrniTw,Bruce,8353,Car Wash,3.5
4,hWDybu_KvYLSdEFzGrniTw,Bruce,8353,Korean,3.5
4,hWDybu_KvYLSdEFzGrniTw,Bruce,8353,Trains,3.5
4,hWDybu_KvYLSdEFzGrniTw,Bruce,8353,Framing,3.5
4,hWDybu_KvYLSdEFzGrniTw,Bruce,8353,Adult Entertainment,3.5
4,hWDybu_KvYLSdEFzGrniTw,Bruce,8353,Airport Lounges,3.5
4,hWDybu_KvYLSdEFzGrniTw,Bruce,8353,Guns & Ammo,3.5
4,hWDybu_KvYLSdEFzGrniTw,Bruce,8353,Turkish,3.5
4,hWDybu_KvYLSdEFzGrniTw,Bruce,8353,Cooking Classes,3.5
4,hWDybu_KvYLSdEFzGrniTw,Bruce,8353,Home Inspectors,3.5
4,hWDybu_KvYLSdEFzGrniTw,Bruce,8353,Race Tracks,3.5
4,hWDybu_KvYLSdEFzGrniTw,Bruce,8353,Pet Boarding,3.5
4,hWDybu_KvYLSdEFzGrniTw,Bruce,8353,Seafood Markets,3.5
4,hWDybu_KvYLSdEFzGrniTw,Bruce,8353,Dive Bars,3.5
4,hWDybu_KvYLSdEFzGrniTw,Bruce,8353,Cuban,3.5
4,hWDybu_KvYLSdEFzGrniTw,Bruce,8353,Pool Halls,3.5
4,hWDybu_KvYLSdEFzGrniTw,Bruce,8353,Sporting Goods,3.4642857142857144
4,hWDybu_KvYLSdEFzGrniTw,Bruce,8353,Gas Stations,3.4545454545454546
4,hWDybu_KvYLSdEFzGrniTw,Bruce,8353,Financial Services,3.45
4,hWDybu_KvYLSdEFzGrniTw,Bruce,8353,Automotive,3.4444444444444446
4,hWDybu_KvYLSdEFzGrniTw,Bruce,8353,Shipping Centers,3.4375
4,hWDybu_KvYLSdEFzGrniTw,Bruce,8353,Hair Stylists,3.4285714285714284
4,hWDybu_KvYLSdEFzGrniTw,Bruce,8353,Sports Wear,3.4285714285714284
4,hWDybu_KvYLSdEFzGrniTw,Bruce,8353,Restaurants,3.422199170124481
4,hWDybu_KvYLSdEFzGrniTw,Bruce,8353,Convenience Stores,3.4210526315789473
4,hWDybu_KvYLSdEFzGrniTw,Bruce,8353,Hair Salons,3.4166666666666665
4,hWDybu_KvYLSdEFzGrniTw,Bruce,8353,Barbers,3.4166666666666665
4,hWDybu_KvYLSdEFzGrniTw,Bruce,8353,Ice Cream & Frozen Yogurt,3.411764705882353
4,hWDybu_KvYLSdEFzGrniTw,Bruce,8353,Veterinarians,3.4
4,hWDybu_KvYLSdEFzGrniTw,Bruce,8353,Pet Services,3.4
4,hWDybu_KvYLSdEFzGrniTw,Bruce,8353,Men's Hair Salons,3.4
4,hWDybu_KvYLSdEFzGrniTw,Bruce,8353,Grocery,3.3943661971830985
4,hWDybu_KvYLSdEFzGrniTw,Bruce,8353,Printing Services,3.392857142857143
4,hWDybu_KvYLSdEFzGrniTw,Bruce,8353,Shopping,3.392405063291139
4,hWDybu_KvYLSdEFzGrniTw,Bruce,8353,American (Traditional),3.3823529411764706
4,hWDybu_KvYLSdEFzGrniTw,Bruce,8353,Pets,3.375
4,hWDybu_KvYLSdEFzGrniTw,Bruce,8353,Tires,3.3636363636363638
4,hWDybu_KvYLSdEFzGrniTw,Bruce,8353,Office Equipment,3.357142857142857
4,hWDybu_KvYLSdEFzGrniTw,Bruce,8353,Food Delivery Services,3.3333333333333335
4,hWDybu_KvYLSdEFzGrniTw,Bruce,8353,Sports Bars,3.3333333333333335
4,hWDybu_KvYLSdEFzGrniTw,Bruce,8353,IT Services & Computer Repair,3.3333333333333335
4,hWDybu_KvYLSdEFzGrniTw,Bruce,8353,Home & Garden,3.3333333333333335
4,hWDybu_KvYLSdEFzGrniTw,Bruce,8353,Optometrists,3.3333333333333335
4,hWDybu_KvYLSdEFzGrniTw,Bruce,8353,Fashion,3.330508474576271
4,hWDybu_KvYLSdEFzGrniTw,Bruce,8353,Transportation,3.3289473684210527
4,hWDybu_KvYLSdEFzGrniTw,Bruce,8353,Home Services,3.3055555555555554
4,hWDybu_KvYLSdEFzGrniTw,Bruce,8353,Professional Services,3.2857142857142856
4,hWDybu_KvYLSdEFzGrniTw,Bruce,8353,Bagels,3.2857142857142856
4,hWDybu_KvYLSdEFzGrniTw,Bruce,8353,Hotels & Travel,3.283132530120482
4,hWDybu_KvYLSdEFzGrniTw,Bruce,8353,Auto Repair,3.28125
4,hWDybu_KvYLSdEFzGrniTw,Bruce,8353,Hotels,3.2777777777777777
4,hWDybu_KvYLSdEFzGrniTw,Bruce,8353,Beauty & Spas,3.2777777777777777
4,hWDybu_KvYLSdEFzGrniTw,Bruce,8353,Chicken Wings,3.260869565217391
4,hWDybu_KvYLSdEFzGrniTw,Bruce,8353,Fitness/Exercise Equipment,3.25
4,hWDybu_KvYLSdEFzGrniTw,Bruce,8353,Lounges,3.25
4,hWDybu_KvYLSdEFzGrniTw,Bruce,8353,Auto Parts & Supplies,3.25
4,hWDybu_KvYLSdEFzGrniTw,Bruce,8353,Knitting Supplies,3.25
4,hWDybu_KvYLSdEFzGrniTw,Bruce,8353,Pet Stores,3.25
4,hWDybu_KvYLSdEFzGrniTw,Bruce,8353,Social Clubs,3.25
4,hWDybu_KvYLSdEFzGrniTw,Bruce,8353,Diners,3.25
4,hWDybu_KvYLSdEFzGrniTw,Bruce,8353,Casinos,3.25
4,hWDybu_KvYLSdEFzGrniTw,Bruce,8353,Organic Stores,3.25
4,hWDybu_KvYLSdEFzGrniTw,Bruce,8353,Flea Markets,3.25
4,hWDybu_KvYLSdEFzGrniTw,Bruce,8353,Photography Stores & Services,3.25
4,hWDybu_KvYLSdEFzGrniTw,Bruce,8353,Drugstores,3.2327586206896552
4,hWDybu_KvYLSdEFzGrniTw,Bruce,8353,Mexican,3.230769230769231
4,hWDybu_KvYLSdEFzGrniTw,Bruce,8353,Airports,3.230769230769231
4,hWDybu_KvYLSdEFzGrniTw,Bruce,8353,Pet Training,3.2142857142857144
4,hWDybu_KvYLSdEFzGrniTw,Bruce,8353,Banks & Credit Unions,3.2142857142857144
4,hWDybu_KvYLSdEFzGrniTw,Bruce,8353,Music & DVDs,3.1666666666666665
4,hWDybu_KvYLSdEFzGrniTw,Bruce,8353,Signmaking,3.1666666666666665
4,hWDybu_KvYLSdEFzGrniTw,Bruce,8353,Fish & Chips,3.1666666666666665
4,hWDybu_KvYLSdEFzGrniTw,Bruce,8353,Hardware Stores,3.15
4,hWDybu_KvYLSdEFzGrniTw,Bruce,8353,Men's Clothing,3.142857142857143
4,hWDybu_KvYLSdEFzGrniTw,Bruce,8353,Hobby Shops,3.125
4,hWDybu_KvYLSdEFzGrniTw,Bruce,8353,Pet Groomers,3.125
4,hWDybu_KvYLSdEFzGrniTw,Bruce,8353,Eyewear & Opticians,3.125
4,hWDybu_KvYLSdEFzGrniTw,Bruce,8353,Thrift Stores,3.125
4,hWDybu_KvYLSdEFzGrniTw,Bruce,8353,Cosmetics & Beauty Supply,3.125
4,hWDybu_KvYLSdEFzGrniTw,Bruce,8353,Department Stores,3.1184210526315788
4,hWDybu_KvYLSdEFzGrniTw,Bruce,8353,Buffets,3.107142857142857
4,hWDybu_KvYLSdEFzGrniTw,Bruce,8353,Donuts,3.1
4,hWDybu_KvYLSdEFzGrniTw,Bruce,8353,Truck Rental,3.1
4,hWDybu_KvYLSdEFzGrniTw,Bruce,8353,Hot Dogs,3.0555555555555554
4,hWDybu_KvYLSdEFzGrniTw,Bruce,8353,Tex-Mex,3.0
4,hWDybu_KvYLSdEFzGrniTw,Bruce,8353,Nurseries & Gardening,3.0
4,hWDybu_KvYLSdEFzGrniTw,Bruce,8353,Day Spas,3.0
4,hWDybu_KvYLSdEFzGrniTw,Bruce,8353,Newspapers & Magazines,3.0
4,hWDybu_KvYLSdEFzGrniTw,Bruce,8353,Art Supplies,3.0
4,hWDybu_KvYLSdEFzGrniTw,Bruce,8353,Chicken Shop,3.0
4,hWDybu_KvYLSdEFzGrniTw,Bruce,8353,Wholesale Stores,3.0
4,hWDybu_KvYLSdEFzGrniTw,Bruce,8353,Apartments,3.0
4,hWDybu_KvYLSdEFzGrniTw,Bruce,8353,Community Service/Non-Profit,3.0
4,hWDybu_KvYLSdEFzGrniTw,Bruce,8353,Registration Services,3.0
4,hWDybu_KvYLSdEFzGrniTw,Bruce,8353,Valet Services,3.0
4,hWDybu_KvYLSdEFzGrniTw,Bruce,8353,Mongolian,3.0
4,hWDybu_KvYLSdEFzGrniTw,Bruce,8353,Paint Stores,3.0
4,hWDybu_KvYLSdEFzGrniTw,Bruce,8353,Bed & Breakfast,3.0
4,hWDybu_KvYLSdEFzGrniTw,Bruce,8353,Antiques,3.0
4,hWDybu_KvYLSdEFzGrniTw,Bruce,8353,Propane,3.0
4,hWDybu_KvYLSdEFzGrniTw,Bruce,8353,Taxis,3.0
4,hWDybu_KvYLSdEFzGrniTw,Bruce,8353,Beverage Store,3.0
4,hWDybu_KvYLSdEFzGrniTw,Bruce,8353,Obstetricians & Gynecologists,3.0
4,hWDybu_KvYLSdEFzGrniTw,Bruce,8353,Food Court,3.0
4,hWDybu_KvYLSdEFzGrniTw,Bruce,8353,Brewpubs,3.0
4,hWDybu_KvYLSdEFzGrniTw,Bruce,8353,Real Estate,3.0
4,hWDybu_KvYLSdEFzGrniTw,Bruce,8353,Pawn Shops,3.0
4,hWDybu_KvYLSdEFzGrniTw,Bruce,8353,Golf Equipment,3.0
4,hWDybu_KvYLSdEFzGrniTw,Bruce,8353,Parking,3.0
4,hWDybu_KvYLSdEFzGrniTw,Bruce,8353,Formal Wear,3.0
4,hWDybu_KvYLSdEFzGrniTw,Bruce,8353,Plus Size Fashion,3.0
4,hWDybu_KvYLSdEFzGrniTw,Bruce,8353,Chinese,2.973684210526316
4,hWDybu_KvYLSdEFzGrniTw,Bruce,8353,Electronics,2.9583333333333335
4,hWDybu_KvYLSdEFzGrniTw,Bruce,8353,Burgers,2.94
4,hWDybu_KvYLSdEFzGrniTw,Bruce,8353,Discount Store,2.9047619047619047
4,hWDybu_KvYLSdEFzGrniTw,Bruce,8353,Fast Food,2.8969072164948453
4,hWDybu_KvYLSdEFzGrniTw,Bruce,8353,Appliances,2.8636363636363638
4,hWDybu_KvYLSdEFzGrniTw,Bruce,8353,Waffles,2.8333333333333335
4,hWDybu_KvYLSdEFzGrniTw,Bruce,8353,Mobile Phones,2.8095238095238093
4,hWDybu_KvYLSdEFzGrniTw,Bruce,8353,Building Supplies,2.8
4,hWDybu_KvYLSdEFzGrniTw,Bruce,8353,Computers,2.8
4,hWDybu_KvYLSdEFzGrniTw,Bruce,8353,Print Media,2.75
4,hWDybu_KvYLSdEFzGrniTw,Bruce,8353,Children's Clothing,2.75
4,hWDybu_KvYLSdEFzGrniTw,Bruce,8353,Luggage,2.75
4,hWDybu_KvYLSdEFzGrniTw,Bruce,8353,Appliances & Repair,2.75
4,hWDybu_KvYLSdEFzGrniTw,Bruce,8353,Mass Media,2.6666666666666665
4,hWDybu_KvYLSdEFzGrniTw,Bruce,8353,Post Offices,2.6363636363636362
4,hWDybu_KvYLSdEFzGrniTw,Bruce,8353,Car Rental,2.6
4,hWDybu_KvYLSdEFzGrniTw,Bruce,8353,Airlines,2.55
4,hWDybu_KvYLSdEFzGrniTw,Bruce,8353,Massage,2.5
4,hWDybu_KvYLSdEFzGrniTw,Bruce,8353,Departments of Motor Vehicles,2.5
4,hWDybu_KvYLSdEFzGrniTw,Bruce,8353,Utilities,2.5
4,hWDybu_KvYLSdEFzGrniTw,Bruce,8353,Packing Supplies,2.5
4,hWDybu_KvYLSdEFzGrniTw,Bruce,8353,Lighting Fixtures & Equipment,2.5
4,hWDybu_KvYLSdEFzGrniTw,Bruce,8353,Dance Clubs,2.5
4,hWDybu_KvYLSdEFzGrniTw,Bruce,8353,Mobile Phone Accessories,2.5
4,hWDybu_KvYLSdEFzGrniTw,Bruce,8353,Airport Shuttles,2.5
4,hWDybu_KvYLSdEFzGrniTw,Bruce,8353,Television Service Providers,2.5
4,hWDybu_KvYLSdEFzGrniTw,Bruce,8353,Couriers & Delivery Services,2.5
4,hWDybu_KvYLSdEFzGrniTw,Bruce,8353,Ophthalmologists,2.5
4,hWDybu_KvYLSdEFzGrniTw,Bruce,8353,International Grocery,2.5
4,hWDybu_KvYLSdEFzGrniTw,Bruce,8353,Electricians,2.5
4,hWDybu_KvYLSdEFzGrniTw,Bruce,8353,Heating & Air Conditioning/HVAC,2.5
4,hWDybu_KvYLSdEFzGrniTw,Bruce,8353,Radio Stations,2.5
4,hWDybu_KvYLSdEFzGrniTw,Bruce,8353,Laser Eye Surgery/Lasik,2.5
4,hWDybu_KvYLSdEFzGrniTw,Bruce,8353,Internet Service Providers,2.0
4,hWDybu_KvYLSdEFzGrniTw,Bruce,8353,Security Systems,1.5
4,hWDybu_KvYLSdEFzGrniTw,Bruce,8353,Home Automation,1.5
5,8RcEwGrFIgkt9WQ35E6SnQ,George,7764,Karaoke,5.0
5,8RcEwGrFIgkt9WQ35E6SnQ,George,7764,Cocktail Bars,5.0
5,8RcEwGrFIgkt9WQ35E6SnQ,George,7764,Nurseries & Gardening,4.5
5,8RcEwGrFIgkt9WQ35E6SnQ,George,7764,Landscaping,4.5
5,8RcEwGrFIgkt9WQ35E6SnQ,George,7764,Street Art,4.5
5,8RcEwGrFIgkt9WQ35E6SnQ,George,7764,Christmas Trees,4.5
5,8RcEwGrFIgkt9WQ35E6SnQ,George,7764,Home Services,4.5
5,8RcEwGrFIgkt9WQ35E6SnQ,George,7764,Tennis,4.5
5,8RcEwGrFIgkt9WQ35E6SnQ,George,7764,Day Spas,4.5
5,8RcEwGrFIgkt9WQ35E6SnQ,George,7764,Men's Clothing,4.5
5,8RcEwGrFIgkt9WQ35E6SnQ,George,7764,Comedy Clubs,4.5
5,8RcEwGrFIgkt9WQ35E6SnQ,George,7764,Massage,4.5
5,8RcEwGrFIgkt9WQ35E6SnQ,George,7764,Caterers,4.5
5,8RcEwGrFIgkt9WQ35E6SnQ,George,7764,Hawaiian,4.5
5,8RcEwGrFIgkt9WQ35E6SnQ,George,7764,Gift Shops,4.5
5,8RcEwGrFIgkt9WQ35E6SnQ,George,7764,Ethnic Food,4.5
5,8RcEwGrFIgkt9WQ35E6SnQ,George,7764,Tree Services,4.5
5,8RcEwGrFIgkt9WQ35E6SnQ,George,7764,Toy Stores,4.5
5,8RcEwGrFIgkt9WQ35E6SnQ,George,7764,Waffles,4.5
5,8RcEwGrFIgkt9WQ35E6SnQ,George,7764,Cinema,4.5
5,8RcEwGrFIgkt9WQ35E6SnQ,George,7764,Flowers & Gifts,4.5
5,8RcEwGrFIgkt9WQ35E6SnQ,George,7764,Tours,4.5
5,8RcEwGrFIgkt9WQ35E6SnQ,George,7764,Hair Salons,4.5
5,8RcEwGrFIgkt9WQ35E6SnQ,George,7764,Belgian,4.5
5,8RcEwGrFIgkt9WQ35E6SnQ,George,7764,Performing Arts,4.5
5,8RcEwGrFIgkt9WQ35E6SnQ,George,7764,Hiking,4.5
5,8RcEwGrFIgkt9WQ35E6SnQ,George,7764,Beauty & Spas,4.5
5,8RcEwGrFIgkt9WQ35E6SnQ,George,7764,Chocolatiers & Shops,4.4
5,8RcEwGrFIgkt9WQ35E6SnQ,George,7764,Art Galleries,4.333333333333333
5,8RcEwGrFIgkt9WQ35E6SnQ,George,7764,Venues & Event Spaces,4.25
5,8RcEwGrFIgkt9WQ35E6SnQ,George,7764,Farmers Market,4.25
5,8RcEwGrFIgkt9WQ35E6SnQ,George,7764,Women's Clothing,4.25
5,8RcEwGrFIgkt9WQ35E6SnQ,George,7764,Home & Garden,4.25
5,8RcEwGrFIgkt9WQ35E6SnQ,George,7764,Korean,4.25
5,8RcEwGrFIgkt9WQ35E6SnQ,George,7764,Gelato,4.25
5,8RcEwGrFIgkt9WQ35E6SnQ,George,7764,Specialty Food,4.2272727272727275
5,8RcEwGrFIgkt9WQ35E6SnQ,George,7764,Parks,4.214285714285714
5,8RcEwGrFIgkt9WQ35E6SnQ,George,7764,Barbeque,4.166666666666667
5,8RcEwGrFIgkt9WQ35E6SnQ,George,7764,Cafes,4.166666666666667
5,8RcEwGrFIgkt9WQ35E6SnQ,George,7764,Active Life,4.166666666666667
5,8RcEwGrFIgkt9WQ35E6SnQ,George,7764,Japanese,4.166666666666667
5,8RcEwGrFIgkt9WQ35E6SnQ,George,7764,American (Traditional),4.142857142857143
5,8RcEwGrFIgkt9WQ35E6SnQ,George,7764,Landmarks & Historical Buildings,4.125
5,8RcEwGrFIgkt9WQ35E6SnQ,George,7764,Asian Fusion,4.125
5,8RcEwGrFIgkt9WQ35E6SnQ,George,7764,Local Flavor,4.1
5,8RcEwGrFIgkt9WQ35E6SnQ,George,7764,Public Services & Government,4.1
5,8RcEwGrFIgkt9WQ35E6SnQ,George,7764,Museums,4.1
5,8RcEwGrFIgkt9WQ35E6SnQ,George,7764,Desserts,4.083333333333333
5,8RcEwGrFIgkt9WQ35E6SnQ,George,7764,Event Planning & Services,4.083333333333333
5,8RcEwGrFIgkt9WQ35E6SnQ,George,7764,Bakeries,4.055555555555555
5,8RcEwGrFIgkt9WQ35E6SnQ,George,7764,Restaurants,4.03030303030303
5,8RcEwGrFIgkt9WQ35E6SnQ,George,7764,Food,4.014285714285714
5,8RcEwGrFIgkt9WQ35E6SnQ,George,7764,Seafood,4.0
5,8RcEwGrFIgkt9WQ35E6SnQ,George,7764,Buffets,4.0
5,8RcEwGrFIgkt9WQ35E6SnQ,George,7764,Automotive,4.0
5,8RcEwGrFIgkt9WQ35E6SnQ,George,7764,Italian,4.0
5,8RcEwGrFIgkt9WQ35E6SnQ,George,7764,Macarons,4.0
5,8RcEwGrFIgkt9WQ35E6SnQ,George,7764,Southern,4.0
5,8RcEwGrFIgkt9WQ35E6SnQ,George,7764,Tea Rooms,4.0
5,8RcEwGrFIgkt9WQ35E6SnQ,George,7764,Aquariums,4.0
5,8RcEwGrFIgkt9WQ35E6SnQ,George,7764,French,4.0
5,8RcEwGrFIgkt9WQ35E6SnQ,George,7764,Home Decor,4.0
5,8RcEwGrFIgkt9WQ35E6SnQ,George,7764,Sushi Bars,4.0
5,8RcEwGrFIgkt9WQ35E6SnQ,George,7764,Outlet Stores,4.0
5,8RcEwGrFIgkt9WQ35E6SnQ,George,7764,Filipino,4.0
5,8RcEwGrFIgkt9WQ35E6SnQ,George,7764,Thai,4.0
5,8RcEwGrFIgkt9WQ35E6SnQ,George,7764,Ice Cream & Frozen Yogurt,4.0
5,8RcEwGrFIgkt9WQ35E6SnQ,George,7764,American (New),4.0
5,8RcEwGrFIgkt9WQ35E6SnQ,George,7764,Zoos,4.0
5,8RcEwGrFIgkt9WQ35E6SnQ,George,7764,Cupcakes,4.0
5,8RcEwGrFIgkt9WQ35E6SnQ,George,7764,Car Dealers,4.0
5,8RcEwGrFIgkt9WQ35E6SnQ,George,7764,Guest Houses,4.0
5,8RcEwGrFIgkt9WQ35E6SnQ,George,7764,Dance Clubs,4.0
5,8RcEwGrFIgkt9WQ35E6SnQ,George,7764,Nightlife,4.0
5,8RcEwGrFIgkt9WQ35E6SnQ,George,7764,Used,4.0
5,8RcEwGrFIgkt9WQ35E6SnQ,George,7764,Vintage & Consignment,4.0
5,8RcEwGrFIgkt9WQ35E6SnQ,George,7764,Dog Parks,4.0
5,8RcEwGrFIgkt9WQ35E6SnQ,George,7764,Wine Bars,4.0
5,8RcEwGrFIgkt9WQ35E6SnQ,George,7764,Observatories,4.0
5,8RcEwGrFIgkt9WQ35E6SnQ,George,7764,Comfort Food,4.0
5,8RcEwGrFIgkt9WQ35E6SnQ,George,7764,Champagne Bars,4.0
5,8RcEwGrFIgkt9WQ35E6SnQ,George,7764,Shopping Centers,4.0
5,8RcEwGrFIgkt9WQ35E6SnQ,George,7764,Botanical Gardens,4.0
5,8RcEwGrFIgkt9WQ35E6SnQ,George,7764,Beer Bar,4.0
5,8RcEwGrFIgkt9WQ35E6SnQ,George,7764,Coffee & Tea,3.9545454545454546
5,8RcEwGrFIgkt9WQ35E6SnQ,George,7764,Breakfast & Brunch,3.9444444444444446
5,8RcEwGrFIgkt9WQ35E6SnQ,George,7764,Bars,3.9444444444444446
5,8RcEwGrFIgkt9WQ35E6SnQ,George,7764,Arts & Entertainment,3.933333333333333
5,8RcEwGrFIgkt9WQ35E6SnQ,George,7764,Burgers,3.875
5,8RcEwGrFIgkt9WQ35E6SnQ,George,7764,Steakhouses,3.8333333333333335
5,8RcEwGrFIgkt9WQ35E6SnQ,George,7764,Bubble Tea,3.8333333333333335
5,8RcEwGrFIgkt9WQ35E6SnQ,George,7764,Fashion,3.8125
5,8RcEwGrFIgkt9WQ35E6SnQ,George,7764,Juice Bars & Smoothies,3.8
5,8RcEwGrFIgkt9WQ35E6SnQ,George,7764,Shopping,3.775
5,8RcEwGrFIgkt9WQ35E6SnQ,George,7764,Sandwiches,3.75
5,8RcEwGrFIgkt9WQ35E6SnQ,George,7764,Tapas Bars,3.75
5,8RcEwGrFIgkt9WQ35E6SnQ,George,7764,Canadian (New),3.5
5,8RcEwGrFIgkt9WQ35E6SnQ,George,7764,Irish,3.5
5,8RcEwGrFIgkt9WQ35E6SnQ,George,7764,Mediterranean,3.5
5,8RcEwGrFIgkt9WQ35E6SnQ,George,7764,Fish & Chips,3.5
5,8RcEwGrFIgkt9WQ35E6SnQ,George,7764,Food Delivery Services,3.5
5,8RcEwGrFIgkt9WQ35E6SnQ,George,7764,Casinos,3.5
5,8RcEwGrFIgkt9WQ35E6SnQ,George,7764,Greek,3.5
5,8RcEwGrFIgkt9WQ35E6SnQ,George,7764,Department Stores,3.5
5,8RcEwGrFIgkt9WQ35E6SnQ,George,7764,Festivals,3.5
5,8RcEwGrFIgkt9WQ35E6SnQ,George,7764,Resorts,3.5
5,8RcEwGrFIgkt9WQ35E6SnQ,George,7764,Mobile Phones,3.5
5,8RcEwGrFIgkt9WQ35E6SnQ,George,7764,Electronics,3.5
5,8RcEwGrFIgkt9WQ35E6SnQ,George,7764,Computers,3.5
5,8RcEwGrFIgkt9WQ35E6SnQ,George,7764,Fast Food,3.5
5,8RcEwGrFIgkt9WQ35E6SnQ,George,7764,Hotels & Travel,3.375
5,8RcEwGrFIgkt9WQ35E6SnQ,George,7764,Grocery,3.25
5,8RcEwGrFIgkt9WQ35E6SnQ,George,7764,Train Stations,3.25
5,8RcEwGrFIgkt9WQ35E6SnQ,George,7764,Food Trucks,3.0
5,8RcEwGrFIgkt9WQ35E6SnQ,George,7764,Public Transportation,3.0
5,8RcEwGrFIgkt9WQ35E6SnQ,George,7764,Transportation,3.0
5,8RcEwGrFIgkt9WQ35E6SnQ,George,7764,Knitting Supplies,3.0
5,8RcEwGrFIgkt9WQ35E6SnQ,George,7764,Hotels,3.0
5,8RcEwGrFIgkt9WQ35E6SnQ,George,7764,Ticket Sales,3.0
5,8RcEwGrFIgkt9WQ35E6SnQ,George,7764,Art Supplies,3.0
5,8RcEwGrFIgkt9WQ35E6SnQ,George,7764,Arts & Crafts,3.0
5,8RcEwGrFIgkt9WQ35E6SnQ,George,7764,Hobby Shops,3.0
5,8RcEwGrFIgkt9WQ35E6SnQ,George,7764,Jewelry,3.0
5,8RcEwGrFIgkt9WQ35E6SnQ,George,7764,Framing,3.0
5,8RcEwGrFIgkt9WQ35E6SnQ,George,7764,Shoe Stores,2.5
5,8RcEwGrFIgkt9WQ35E6SnQ,George,7764,Education,2.0
5,8RcEwGrFIgkt9WQ35E6SnQ,George,7764,Colleges & Universities,2.0
5,8RcEwGrFIgkt9WQ35E6SnQ,George,7764,Drugstores,2.0
6,Xwnf20FKuikiHcSpcEbpKQ,Kenneth,6653,Street Art,4.5
6,Xwnf20FKuikiHcSpcEbpKQ,Kenneth,6653,Parks,4.5
6,Xwnf20FKuikiHcSpcEbpKQ,Kenneth,6653,Watches,4.5
6,Xwnf20FKuikiHcSpcEbpKQ,Kenneth,6653,Sports Clubs,4.5
6,Xwnf20FKuikiHcSpcEbpKQ,Kenneth,6653,Wraps,4.5
6,Xwnf20FKuikiHcSpcEbpKQ,Kenneth,6653,Landmarks & Historical Buildings,4.5
6,Xwnf20FKuikiHcSpcEbpKQ,Kenneth,6653,Performing Arts,4.5
6,Xwnf20FKuikiHcSpcEbpKQ,Kenneth,6653,Food Delivery Services,4.5
6,Xwnf20FKuikiHcSpcEbpKQ,Kenneth,6653,Public Services & Government,4.5
6,Xwnf20FKuikiHcSpcEbpKQ,Kenneth,6653,Seafood,4.125
6,Xwnf20FKuikiHcSpcEbpKQ,Kenneth,6653,Irish,4.0
6,Xwnf20FKuikiHcSpcEbpKQ,Kenneth,6653,German,4.0
6,Xwnf20FKuikiHcSpcEbpKQ,Kenneth,6653,Juice Bars & Smoothies,4.0
6,Xwnf20FKuikiHcSpcEbpKQ,Kenneth,6653,Souvenir Shops,4.0
6,Xwnf20FKuikiHcSpcEbpKQ,Kenneth,6653,Laotian,4.0
6,Xwnf20FKuikiHcSpcEbpKQ,Kenneth,6653,Wholesale Stores,4.0
6,Xwnf20FKuikiHcSpcEbpKQ,Kenneth,6653,Gelato,4.0
6,Xwnf20FKuikiHcSpcEbpKQ,Kenneth,6653,Guest Houses,4.0
6,Xwnf20FKuikiHcSpcEbpKQ,Kenneth,6653,Vegan,4.0
6,Xwnf20FKuikiHcSpcEbpKQ,Kenneth,6653,Beer Bar,4.0
6,Xwnf20FKuikiHcSpcEbpKQ,Kenneth,6653,Jewelry,4.0
6,Xwnf20FKuikiHcSpcEbpKQ,Kenneth,6653,Amusement Parks,4.0
6,Xwnf20FKuikiHcSpcEbpKQ,Kenneth,6653,Cocktail Bars,4.0
6,Xwnf20FKuikiHcSpcEbpKQ,Kenneth,6653,Vegetarian,4.0
6,Xwnf20FKuikiHcSpcEbpKQ,Kenneth,6653,Outlet Stores,4.0
6,Xwnf20FKuikiHcSpcEbpKQ,Kenneth,6653,Radio Stations,4.0
6,Xwnf20FKuikiHcSpcEbpKQ,Kenneth,6653,Television Stations,4.0
6,Xwnf20FKuikiHcSpcEbpKQ,Kenneth,6653,Noodles,4.0
6,Xwnf20FKuikiHcSpcEbpKQ,Kenneth,6653,Supernatural Readings,4.0
6,Xwnf20FKuikiHcSpcEbpKQ,Kenneth,6653,Hats,4.0
6,Xwnf20FKuikiHcSpcEbpKQ,Kenneth,6653,Tapas/Small Plates,4.0
6,Xwnf20FKuikiHcSpcEbpKQ,Kenneth,6653,Tapas Bars,4.0
6,Xwnf20FKuikiHcSpcEbpKQ,Kenneth,6653,Mass Media,4.0
6,Xwnf20FKuikiHcSpcEbpKQ,Kenneth,6653,Steakhouses,4.0
6,Xwnf20FKuikiHcSpcEbpKQ,Kenneth,6653,Caterers,4.0
6,Xwnf20FKuikiHcSpcEbpKQ,Kenneth,6653,Soup,3.875
6,Xwnf20FKuikiHcSpcEbpKQ,Kenneth,6653,Active Life,3.857142857142857
6,Xwnf20FKuikiHcSpcEbpKQ,Kenneth,6653,Asian Fusion,3.8333333333333335
6,Xwnf20FKuikiHcSpcEbpKQ,Kenneth,6653,Salad,3.8333333333333335
6,Xwnf20FKuikiHcSpcEbpKQ,Kenneth,6653,Vietnamese,3.8333333333333335
6,Xwnf20FKuikiHcSpcEbpKQ,Kenneth,6653,Shopping Centers,3.8333333333333335
6,Xwnf20FKuikiHcSpcEbpKQ,Kenneth,6653,Professional Sports Teams,3.8333333333333335
6,Xwnf20FKuikiHcSpcEbpKQ,Kenneth,6653,Ice Cream & Frozen Yogurt,3.8
6,Xwnf20FKuikiHcSpcEbpKQ,Kenneth,6653,Wine & Spirits,3.75
6,Xwnf20FKuikiHcSpcEbpKQ,Kenneth,6653,Beer,3.75
6,Xwnf20FKuikiHcSpcEbpKQ,Kenneth,6653,Accessories,3.75
6,Xwnf20FKuikiHcSpcEbpKQ,Kenneth,6653,Desserts,3.6875
6,Xwnf20FKuikiHcSpcEbpKQ,Kenneth,6653,Ramen,3.6666666666666665
6,Xwnf20FKuikiHcSpcEbpKQ,Kenneth,6653,Japanese,3.6666666666666665
6,Xwnf20FKuikiHcSpcEbpKQ,Kenneth,6653,Wine Bars,3.6666666666666665
6,Xwnf20FKuikiHcSpcEbpKQ,Kenneth,6653,Cosmetics & Beauty Supply,3.6666666666666665
6,Xwnf20FKuikiHcSpcEbpKQ,Kenneth,6653,Beauty & Spas,3.6666666666666665
6,Xwnf20FKuikiHcSpcEbpKQ,Kenneth,6653,French,3.625
6,Xwnf20FKuikiHcSpcEbpKQ,Kenneth,6653,Sandwiches,3.625
6,Xwnf20FKuikiHcSpcEbpKQ,Kenneth,6653,Bakeries,3.625
6,Xwnf20FKuikiHcSpcEbpKQ,Kenneth,6653,American (Traditional),3.6153846153846154
6,Xwnf20FKuikiHcSpcEbpKQ,Kenneth,6653,Breakfast & Brunch,3.611111111111111
6,Xwnf20FKuikiHcSpcEbpKQ,Kenneth,6653,Burgers,3.5625
6,Xwnf20FKuikiHcSpcEbpKQ,Kenneth,6653,Greek,3.5
6,Xwnf20FKuikiHcSpcEbpKQ,Kenneth,6653,Creperies,3.5
6,Xwnf20FKuikiHcSpcEbpKQ,Kenneth,6653,Bagels,3.5
6,Xwnf20FKuikiHcSpcEbpKQ,Kenneth,6653,Gastropubs,3.5
6,Xwnf20FKuikiHcSpcEbpKQ,Kenneth,6653,Fish & Chips,3.5
6,Xwnf20FKuikiHcSpcEbpKQ,Kenneth,6653,Sporting Goods,3.5
6,Xwnf20FKuikiHcSpcEbpKQ,Kenneth,6653,Arts & Entertainment,3.5
6,Xwnf20FKuikiHcSpcEbpKQ,Kenneth,6653,Resorts,3.5
6,Xwnf20FKuikiHcSpcEbpKQ,Kenneth,6653,Videos & Video Game Rental,3.5
6,Xwnf20FKuikiHcSpcEbpKQ,Kenneth,6653,Gyms,3.5
6,Xwnf20FKuikiHcSpcEbpKQ,Kenneth,6653,Chocolatiers & Shops,3.5
6,Xwnf20FKuikiHcSpcEbpKQ,Kenneth,6653,Ticket Sales,3.5
6,Xwnf20FKuikiHcSpcEbpKQ,Kenneth,6653,Swimwear,3.5
6,Xwnf20FKuikiHcSpcEbpKQ,Kenneth,6653,Yoga,3.5
6,Xwnf20FKuikiHcSpcEbpKQ,Kenneth,6653,Dance Clubs,3.5
6,Xwnf20FKuikiHcSpcEbpKQ,Kenneth,6653,Sports Wear,3.5
6,Xwnf20FKuikiHcSpcEbpKQ,Kenneth,6653,Museums,3.5
6,Xwnf20FKuikiHcSpcEbpKQ,Kenneth,6653,Chinese,3.5
6,Xwnf20FKuikiHcSpcEbpKQ,Kenneth,6653,Convenience Stores,3.5
6,Xwnf20FKuikiHcSpcEbpKQ,Kenneth,6653,Lounges,3.5
6,Xwnf20FKuikiHcSpcEbpKQ,Kenneth,6653,Thai,3.5
6,Xwnf20FKuikiHcSpcEbpKQ,Kenneth,6653,Cinema,3.5
6,Xwnf20FKuikiHcSpcEbpKQ,Kenneth,6653,Aquariums,3.5
6,Xwnf20FKuikiHcSpcEbpKQ,Kenneth,6653,Belgian,3.5
6,Xwnf20FKuikiHcSpcEbpKQ,Kenneth,6653,British,3.5
6,Xwnf20FKuikiHcSpcEbpKQ,Kenneth,6653,Fitness & Instruction,3.5
6,Xwnf20FKuikiHcSpcEbpKQ,Kenneth,6653,Specialty Food,3.5
6,Xwnf20FKuikiHcSpcEbpKQ,Kenneth,6653,Botanical Gardens,3.5
6,Xwnf20FKuikiHcSpcEbpKQ,Kenneth,6653,Comfort Food,3.5
6,Xwnf20FKuikiHcSpcEbpKQ,Kenneth,6653,Bars,3.5
6,Xwnf20FKuikiHcSpcEbpKQ,Kenneth,6653,Airports,3.5
6,Xwnf20FKuikiHcSpcEbpKQ,Kenneth,6653,Airport Lounges,3.5
6,Xwnf20FKuikiHcSpcEbpKQ,Kenneth,6653,Bowling,3.5
6,Xwnf20FKuikiHcSpcEbpKQ,Kenneth,6653,Restaurants,3.4919354838709675
6,Xwnf20FKuikiHcSpcEbpKQ,Kenneth,6653,Nightlife,3.4782608695652173
6,Xwnf20FKuikiHcSpcEbpKQ,Kenneth,6653,Food,3.467741935483871
6,Xwnf20FKuikiHcSpcEbpKQ,Kenneth,6653,American (New),3.4615384615384617
6,Xwnf20FKuikiHcSpcEbpKQ,Kenneth,6653,Casinos,3.4166666666666665
6,Xwnf20FKuikiHcSpcEbpKQ,Kenneth,6653,Event Planning & Services,3.4
6,Xwnf20FKuikiHcSpcEbpKQ,Kenneth,6653,Men's Clothing,3.388888888888889
6,Xwnf20FKuikiHcSpcEbpKQ,Kenneth,6653,Fashion,3.3392857142857144
6,Xwnf20FKuikiHcSpcEbpKQ,Kenneth,6653,Women's Clothing,3.3333333333333335
6,Xwnf20FKuikiHcSpcEbpKQ,Kenneth,6653,Leather Goods,3.3
6,Xwnf20FKuikiHcSpcEbpKQ,Kenneth,6653,Shopping,3.2954545454545454
6,Xwnf20FKuikiHcSpcEbpKQ,Kenneth,6653,Hotels,3.2857142857142856
6,Xwnf20FKuikiHcSpcEbpKQ,Kenneth,6653,Fast Food,3.25
6,Xwnf20FKuikiHcSpcEbpKQ,Kenneth,6653,Cafes,3.25
6,Xwnf20FKuikiHcSpcEbpKQ,Kenneth,6653,Canadian (New),3.2142857142857144
6,Xwnf20FKuikiHcSpcEbpKQ,Kenneth,6653,Pubs,3.2
6,Xwnf20FKuikiHcSpcEbpKQ,Kenneth,6653,Italian,3.2
6,Xwnf20FKuikiHcSpcEbpKQ,Kenneth,6653,Music Venues,3.1666666666666665
6,Xwnf20FKuikiHcSpcEbpKQ,Kenneth,6653,Grocery,3.1666666666666665
6,Xwnf20FKuikiHcSpcEbpKQ,Kenneth,6653,Chicken Wings,3.1666666666666665
6,Xwnf20FKuikiHcSpcEbpKQ,Kenneth,6653,Pizza,3.125
6,Xwnf20FKuikiHcSpcEbpKQ,Kenneth,6653,Coffee & Tea,3.0714285714285716
6,Xwnf20FKuikiHcSpcEbpKQ,Kenneth,6653,Hobby Shops,3.0
6,Xwnf20FKuikiHcSpcEbpKQ,Kenneth,6653,Buffets,3.0
6,Xwnf20FKuikiHcSpcEbpKQ,Kenneth,6653,Taiwanese,3.0
6,Xwnf20FKuikiHcSpcEbpKQ,Kenneth,6653,Candy Stores,3.0
6,Xwnf20FKuikiHcSpcEbpKQ,Kenneth,6653,Books,3.0
6,Xwnf20FKuikiHcSpcEbpKQ,Kenneth,6653,Kitchen & Bath,3.0
6,Xwnf20FKuikiHcSpcEbpKQ,Kenneth,6653,Travel Services,3.0
6,Xwnf20FKuikiHcSpcEbpKQ,Kenneth,6653,Social Clubs,3.0
6,Xwnf20FKuikiHcSpcEbpKQ,Kenneth,6653,Cantonese,3.0
6,Xwnf20FKuikiHcSpcEbpKQ,Kenneth,6653,Music & Video,3.0
6,Xwnf20FKuikiHcSpcEbpKQ,Kenneth,6653,Dive Bars,3.0
6,Xwnf20FKuikiHcSpcEbpKQ,Kenneth,6653,Hotels & Travel,3.0
6,Xwnf20FKuikiHcSpcEbpKQ,Kenneth,6653,Arts & Crafts,3.0
6,Xwnf20FKuikiHcSpcEbpKQ,Kenneth,6653,Dim Sum,3.0
6,Xwnf20FKuikiHcSpcEbpKQ,Kenneth,6653,Limos,3.0
6,Xwnf20FKuikiHcSpcEbpKQ,Kenneth,6653,Indian,3.0
6,Xwnf20FKuikiHcSpcEbpKQ,Kenneth,6653,Diners,3.0
6,Xwnf20FKuikiHcSpcEbpKQ,Kenneth,6653,Art Galleries,3.0
6,Xwnf20FKuikiHcSpcEbpKQ,Kenneth,6653,Flowers & Gifts,3.0
6,Xwnf20FKuikiHcSpcEbpKQ,Kenneth,6653,Mags,3.0
6,Xwnf20FKuikiHcSpcEbpKQ,Kenneth,6653,Shoe Stores,3.0
6,Xwnf20FKuikiHcSpcEbpKQ,Kenneth,6653,Cards & Stationery,3.0
6,Xwnf20FKuikiHcSpcEbpKQ,Kenneth,6653,IT Services & Computer Repair,3.0
6,Xwnf20FKuikiHcSpcEbpKQ,Kenneth,6653,Home Decor,3.0
6,Xwnf20FKuikiHcSpcEbpKQ,Kenneth,6653,Gift Shops,3.0
6,Xwnf20FKuikiHcSpcEbpKQ,Kenneth,6653,Middle Eastern,3.0
6,Xwnf20FKuikiHcSpcEbpKQ,Kenneth,6653,Adult Entertainment,3.0
6,Xwnf20FKuikiHcSpcEbpKQ,Kenneth,6653,Sports Bars,3.0
6,Xwnf20FKuikiHcSpcEbpKQ,Kenneth,6653,Barbeque,3.0
6,Xwnf20FKuikiHcSpcEbpKQ,Kenneth,6653,Home & Garden,2.8333333333333335
6,Xwnf20FKuikiHcSpcEbpKQ,Kenneth,6653,Department Stores,2.8
6,Xwnf20FKuikiHcSpcEbpKQ,Kenneth,6653,Mobile Phones,2.75
6,Xwnf20FKuikiHcSpcEbpKQ,Kenneth,6653,Pakistani,2.75
6,Xwnf20FKuikiHcSpcEbpKQ,Kenneth,6653,Computers,2.6666666666666665
6,Xwnf20FKuikiHcSpcEbpKQ,Kenneth,6653,Newspapers & Magazines,2.5
6,Xwnf20FKuikiHcSpcEbpKQ,Kenneth,6653,Local Services,2.5
6,Xwnf20FKuikiHcSpcEbpKQ,Kenneth,6653,Gas Stations,2.5
6,Xwnf20FKuikiHcSpcEbpKQ,Kenneth,6653,Tires,2.5
6,Xwnf20FKuikiHcSpcEbpKQ,Kenneth,6653,Public Transportation,2.5
6,Xwnf20FKuikiHcSpcEbpKQ,Kenneth,6653,Hardware Stores,2.5
6,Xwnf20FKuikiHcSpcEbpKQ,Kenneth,6653,Automotive,2.5
6,Xwnf20FKuikiHcSpcEbpKQ,Kenneth,6653,Video Game Stores,2.5
6,Xwnf20FKuikiHcSpcEbpKQ,Kenneth,6653,Halal,2.5
6,Xwnf20FKuikiHcSpcEbpKQ,Kenneth,6653,Delis,2.5
6,Xwnf20FKuikiHcSpcEbpKQ,Kenneth,6653,Music & DVDs,2.5
6,Xwnf20FKuikiHcSpcEbpKQ,Kenneth,6653,Transportation,2.4166666666666665
6,Xwnf20FKuikiHcSpcEbpKQ,Kenneth,6653,Taxis,2.3333333333333335
6,Xwnf20FKuikiHcSpcEbpKQ,Kenneth,6653,Electronics,2.25
6,Xwnf20FKuikiHcSpcEbpKQ,Kenneth,6653,Office Equipment,2.0
6,Xwnf20FKuikiHcSpcEbpKQ,Kenneth,6653,Laundry Services,1.5
6,Xwnf20FKuikiHcSpcEbpKQ,Kenneth,6653,Dry Cleaning & Laundry,1.5
7,nmdkHL2JKFx55T3nq5VziA,Nijole,6314,Tours,4.5
7,nmdkHL2JKFx55T3nq5VziA,Nijole,6314,Juice Bars & Smoothies,4.5
7,nmdkHL2JKFx55T3nq5VziA,Nijole,6314,Motorcycle Dealers,4.5
7,nmdkHL2JKFx55T3nq5VziA,Nijole,6314,Car Dealers,4.5
7,nmdkHL2JKFx55T3nq5VziA,Nijole,6314,Cosmetics & Beauty Supply,4.5
7,nmdkHL2JKFx55T3nq5VziA,Nijole,6314,Gluten-Free,4.5
7,nmdkHL2JKFx55T3nq5VziA,Nijole,6314,Delis,4.5
7,nmdkHL2JKFx55T3nq5VziA,Nijole,6314,Auto Customization,4.5
7,nmdkHL2JKFx55T3nq5VziA,Nijole,6314,Public Transportation,4.5
7,nmdkHL2JKFx55T3nq5VziA,Nijole,6314,Skin Care,4.5
7,nmdkHL2JKFx55T3nq5VziA,Nijole,6314,Food Trucks,4.5
7,nmdkHL2JKFx55T3nq5VziA,Nijole,6314,Soul Food,4.5
7,nmdkHL2JKFx55T3nq5VziA,Nijole,6314,Performing Arts,4.5
7,nmdkHL2JKFx55T3nq5VziA,Nijole,6314,Transportation,4.5
7,nmdkHL2JKFx55T3nq5VziA,Nijole,6314,Street Art,4.5
7,nmdkHL2JKFx55T3nq5VziA,Nijole,6314,Tacos,4.5
7,nmdkHL2JKFx55T3nq5VziA,Nijole,6314,Food Delivery Services,4.5
7,nmdkHL2JKFx55T3nq5VziA,Nijole,6314,Pizza,4.5
7,nmdkHL2JKFx55T3nq5VziA,Nijole,6314,Italian,4.5
7,nmdkHL2JKFx55T3nq5VziA,Nijole,6314,Barbeque,4.5
7,nmdkHL2JKFx55T3nq5VziA,Nijole,6314,Do-It-Yourself Food,4.5
7,nmdkHL2JKFx55T3nq5VziA,Nijole,6314,Landmarks & Historical Buildings,4.5
7,nmdkHL2JKFx55T3nq5VziA,Nijole,6314,Public Services & Government,4.375
7,nmdkHL2JKFx55T3nq5VziA,Nijole,6314,Gelato,4.25
7,nmdkHL2JKFx55T3nq5VziA,Nijole,6314,Salad,4.25
7,nmdkHL2JKFx55T3nq5VziA,Nijole,6314,Cupcakes,4.25
7,nmdkHL2JKFx55T3nq5VziA,Nijole,6314,Beauty & Spas,4.166666666666667
7,nmdkHL2JKFx55T3nq5VziA,Nijole,6314,Breakfast & Brunch,4.083333333333333
7,nmdkHL2JKFx55T3nq5VziA,Nijole,6314,Bakeries,4.071428571428571
7,nmdkHL2JKFx55T3nq5VziA,Nijole,6314,Coffee & Tea,4.0625
7,nmdkHL2JKFx55T3nq5VziA,Nijole,6314,Print Media,4.0
7,nmdkHL2JKFx55T3nq5VziA,Nijole,6314,Pretzels,4.0
7,nmdkHL2JKFx55T3nq5VziA,Nijole,6314,Day Spas,4.0
7,nmdkHL2JKFx55T3nq5VziA,Nijole,6314,Home & Garden,4.0
7,nmdkHL2JKFx55T3nq5VziA,Nijole,6314,Luggage,4.0
7,nmdkHL2JKFx55T3nq5VziA,Nijole,6314,Health Retreats,4.0
7,nmdkHL2JKFx55T3nq5VziA,Nijole,6314,Macarons,4.0
7,nmdkHL2JKFx55T3nq5VziA,Nijole,6314,Home Decor,4.0
7,nmdkHL2JKFx55T3nq5VziA,Nijole,6314,Photography Stores & Services,4.0
7,nmdkHL2JKFx55T3nq5VziA,Nijole,6314,Art Galleries,4.0
7,nmdkHL2JKFx55T3nq5VziA,Nijole,6314,Steakhouses,4.0
7,nmdkHL2JKFx55T3nq5VziA,Nijole,6314,Wine Bars,4.0
7,nmdkHL2JKFx55T3nq5VziA,Nijole,6314,Museums,4.0
7,nmdkHL2JKFx55T3nq5VziA,Nijole,6314,Guest Houses,4.0
7,nmdkHL2JKFx55T3nq5VziA,Nijole,6314,Golf,4.0
7,nmdkHL2JKFx55T3nq5VziA,Nijole,6314,Jazz & Blues,4.0
7,nmdkHL2JKFx55T3nq5VziA,Nijole,6314,French,4.0
7,nmdkHL2JKFx55T3nq5VziA,Nijole,6314,Mass Media,4.0
7,nmdkHL2JKFx55T3nq5VziA,Nijole,6314,Art Museums,4.0
7,nmdkHL2JKFx55T3nq5VziA,Nijole,6314,Ice Cream & Frozen Yogurt,3.9375
7,nmdkHL2JKFx55T3nq5VziA,Nijole,6314,Chocolatiers & Shops,3.9
7,nmdkHL2JKFx55T3nq5VziA,Nijole,6314,Donuts,3.9
7,nmdkHL2JKFx55T3nq5VziA,Nijole,6314,Outlet Stores,3.9
7,nmdkHL2JKFx55T3nq5VziA,Nijole,6314,Specialty Food,3.8846153846153846
7,nmdkHL2JKFx55T3nq5VziA,Nijole,6314,Cocktail Bars,3.875
7,nmdkHL2JKFx55T3nq5VziA,Nijole,6314,Local Flavor,3.875
7,nmdkHL2JKFx55T3nq5VziA,Nijole,6314,Desserts,3.857142857142857
7,nmdkHL2JKFx55T3nq5VziA,Nijole,6314,American (New),3.8
7,nmdkHL2JKFx55T3nq5VziA,Nijole,6314,Food,3.763888888888889
7,nmdkHL2JKFx55T3nq5VziA,Nijole,6314,Department Stores,3.75
7,nmdkHL2JKFx55T3nq5VziA,Nijole,6314,Sandwiches,3.75
7,nmdkHL2JKFx55T3nq5VziA,Nijole,6314,Cafes,3.75
7,nmdkHL2JKFx55T3nq5VziA,Nijole,6314,Asian Fusion,3.7
7,nmdkHL2JKFx55T3nq5VziA,Nijole,6314,American (Traditional),3.6818181818181817
7,nmdkHL2JKFx55T3nq5VziA,Nijole,6314,Burgers,3.676470588235294
7,nmdkHL2JKFx55T3nq5VziA,Nijole,6314,Thrift Stores,3.6666666666666665
7,nmdkHL2JKFx55T3nq5VziA,Nijole,6314,Fashion,3.6666666666666665
7,nmdkHL2JKFx55T3nq5VziA,Nijole,6314,Restaurants,3.65625
7,nmdkHL2JKFx55T3nq5VziA,Nijole,6314,Nightlife,3.608695652173913
7,nmdkHL2JKFx55T3nq5VziA,Nijole,6314,Lounges,3.6
7,nmdkHL2JKFx55T3nq5VziA,Nijole,6314,Bars,3.6
7,nmdkHL2JKFx55T3nq5VziA,Nijole,6314,Men's Clothing,3.6
7,nmdkHL2JKFx55T3nq5VziA,Nijole,6314,Candy Stores,3.6
7,nmdkHL2JKFx55T3nq5VziA,Nijole,6314,Shopping,3.557142857142857
7,nmdkHL2JKFx55T3nq5VziA,Nijole,6314,Used,3.5
7,nmdkHL2JKFx55T3nq5VziA,Nijole,6314,Tasting Classes,3.5
7,nmdkHL2JKFx55T3nq5VziA,Nijole,6314,Beer Garden,3.5
7,nmdkHL2JKFx55T3nq5VziA,Nijole,6314,Mexican,3.5
7,nmdkHL2JKFx55T3nq5VziA,Nijole,6314,Education,3.5
7,nmdkHL2JKFx55T3nq5VziA,Nijole,6314,Souvenir Shops,3.5
7,nmdkHL2JKFx55T3nq5VziA,Nijole,6314,Beer Bar,3.5
7,nmdkHL2JKFx55T3nq5VziA,Nijole,6314,Fast Food,3.5
7,nmdkHL2JKFx55T3nq5VziA,Nijole,6314,German,3.5
7,nmdkHL2JKFx55T3nq5VziA,Nijole,6314,Botanical Gardens,3.5
7,nmdkHL2JKFx55T3nq5VziA,Nijole,6314,Bridal,3.5
7,nmdkHL2JKFx55T3nq5VziA,Nijole,6314,Accessories,3.5
7,nmdkHL2JKFx55T3nq5VziA,Nijole,6314,Vintage & Consignment,3.5
7,nmdkHL2JKFx55T3nq5VziA,Nijole,6314,Seafood,3.5
7,nmdkHL2JKFx55T3nq5VziA,Nijole,6314,Automotive,3.5
7,nmdkHL2JKFx55T3nq5VziA,Nijole,6314,Active Life,3.5
7,nmdkHL2JKFx55T3nq5VziA,Nijole,6314,Adult Entertainment,3.5
7,nmdkHL2JKFx55T3nq5VziA,Nijole,6314,Aquariums,3.5
7,nmdkHL2JKFx55T3nq5VziA,Nijole,6314,Shopping Centers,3.45
7,nmdkHL2JKFx55T3nq5VziA,Nijole,6314,Beer,3.375
7,nmdkHL2JKFx55T3nq5VziA,Nijole,6314,Wine & Spirits,3.375
7,nmdkHL2JKFx55T3nq5VziA,Nijole,6314,Resorts,3.3636363636363638
7,nmdkHL2JKFx55T3nq5VziA,Nijole,6314,Women's Clothing,3.357142857142857
7,nmdkHL2JKFx55T3nq5VziA,Nijole,6314,Gift Shops,3.3
7,nmdkHL2JKFx55T3nq5VziA,Nijole,6314,Flowers & Gifts,3.3
7,nmdkHL2JKFx55T3nq5VziA,Nijole,6314,Arts & Entertainment,3.28125
7,nmdkHL2JKFx55T3nq5VziA,Nijole,6314,Swimming Pools,3.25
7,nmdkHL2JKFx55T3nq5VziA,Nijole,6314,Sports Bars,3.25
7,nmdkHL2JKFx55T3nq5VziA,Nijole,6314,Shoe Stores,3.25
7,nmdkHL2JKFx55T3nq5VziA,Nijole,6314,Jewelry,3.25
7,nmdkHL2JKFx55T3nq5VziA,Nijole,6314,Toy Stores,3.25
7,nmdkHL2JKFx55T3nq5VziA,Nijole,6314,Bagels,3.25
7,nmdkHL2JKFx55T3nq5VziA,Nijole,6314,Hotels & Travel,3.230769230769231
7,nmdkHL2JKFx55T3nq5VziA,Nijole,6314,Dance Clubs,3.1666666666666665
7,nmdkHL2JKFx55T3nq5VziA,Nijole,6314,Casinos,3.16
7,nmdkHL2JKFx55T3nq5VziA,Nijole,6314,Hotels,3.1458333333333335
7,nmdkHL2JKFx55T3nq5VziA,Nijole,6314,Event Planning & Services,3.1458333333333335
7,nmdkHL2JKFx55T3nq5VziA,Nijole,6314,Chinese,3.0
7,nmdkHL2JKFx55T3nq5VziA,Nijole,6314,Japanese,3.0
7,nmdkHL2JKFx55T3nq5VziA,Nijole,6314,Children's Clothing,3.0
7,nmdkHL2JKFx55T3nq5VziA,Nijole,6314,Pawn Shops,3.0
7,nmdkHL2JKFx55T3nq5VziA,Nijole,6314,Music Venues,3.0
7,nmdkHL2JKFx55T3nq5VziA,Nijole,6314,Social Clubs,3.0
7,nmdkHL2JKFx55T3nq5VziA,Nijole,6314,Drugstores,2.5
7,nmdkHL2JKFx55T3nq5VziA,Nijole,6314,Gas Stations,2.5
7,nmdkHL2JKFx55T3nq5VziA,Nijole,6314,Convenience Stores,2.5
8,CxDOIDnH8gp9KXzpBHJYXw,Jennifer,5868,Falafel,5.0
8,CxDOIDnH8gp9KXzpBHJYXw,Jennifer,5868,Dog Parks,4.5
8,CxDOIDnH8gp9KXzpBHJYXw,Jennifer,5868,Donairs,4.5
8,CxDOIDnH8gp9KXzpBHJYXw,Jennifer,5868,Vape Shops,4.5
8,CxDOIDnH8gp9KXzpBHJYXw,Jennifer,5868,Auto Glass Services,4.5
8,CxDOIDnH8gp9KXzpBHJYXw,Jennifer,5868,Smog Check Stations,4.5
8,CxDOIDnH8gp9KXzpBHJYXw,Jennifer,5868,Personal Shopping,4.5
8,CxDOIDnH8gp9KXzpBHJYXw,Jennifer,5868,Photo Booth Rentals,4.5
8,CxDOIDnH8gp9KXzpBHJYXw,Jennifer,5868,Aquariums,4.5
8,CxDOIDnH8gp9KXzpBHJYXw,Jennifer,5868,Flight Instruction,4.5
8,CxDOIDnH8gp9KXzpBHJYXw,Jennifer,5868,Market Stalls,4.5
8,CxDOIDnH8gp9KXzpBHJYXw,Jennifer,5868,Kebab,4.5
8,CxDOIDnH8gp9KXzpBHJYXw,Jennifer,5868,Windshield Installation & Repair,4.5
8,CxDOIDnH8gp9KXzpBHJYXw,Jennifer,5868,Sewing & Alterations,4.5
8,CxDOIDnH8gp9KXzpBHJYXw,Jennifer,5868,Watches,4.5
8,CxDOIDnH8gp9KXzpBHJYXw,Jennifer,5868,Coffee & Tea Supplies,4.375
8,CxDOIDnH8gp9KXzpBHJYXw,Jennifer,5868,Tennis,4.333333333333333
8,CxDOIDnH8gp9KXzpBHJYXw,Jennifer,5868,Martial Arts,4.333333333333333
8,CxDOIDnH8gp9KXzpBHJYXw,Jennifer,5868,Public Markets,4.333333333333333
8,CxDOIDnH8gp9KXzpBHJYXw,Jennifer,5868,Yelp Events,4.25
8,CxDOIDnH8gp9KXzpBHJYXw,Jennifer,5868,Reflexology,4.25
8,CxDOIDnH8gp9KXzpBHJYXw,Jennifer,5868,Cards & Stationery,4.25
8,CxDOIDnH8gp9KXzpBHJYXw,Jennifer,5868,Dance Studios,4.25
8,CxDOIDnH8gp9KXzpBHJYXw,Jennifer,5868,Distilleries,4.25
8,CxDOIDnH8gp9KXzpBHJYXw,Jennifer,5868,Tobacco Shops,4.25
8,CxDOIDnH8gp9KXzpBHJYXw,Jennifer,5868,Turkish,4.25
8,CxDOIDnH8gp9KXzpBHJYXw,Jennifer,5868,Oil Change Stations,4.25
8,CxDOIDnH8gp9KXzpBHJYXw,Jennifer,5868,Herbs & Spices,4.25
8,CxDOIDnH8gp9KXzpBHJYXw,Jennifer,5868,Museums,4.222222222222222
8,CxDOIDnH8gp9KXzpBHJYXw,Jennifer,5868,Gift Shops,4.214285714285714
8,CxDOIDnH8gp9KXzpBHJYXw,Jennifer,5868,Playgrounds,4.2
8,CxDOIDnH8gp9KXzpBHJYXw,Jennifer,5868,Barre Classes,4.166666666666667
8,CxDOIDnH8gp9KXzpBHJYXw,Jennifer,5868,Outdoor Gear,4.166666666666667
8,CxDOIDnH8gp9KXzpBHJYXw,Jennifer,5868,Hair Salons,4.166666666666667
8,CxDOIDnH8gp9KXzpBHJYXw,Jennifer,5868,Chiropractors,4.166666666666667
8,CxDOIDnH8gp9KXzpBHJYXw,Jennifer,5868,Zoos,4.166666666666667
8,CxDOIDnH8gp9KXzpBHJYXw,Jennifer,5868,Wholesale Stores,4.166666666666667
8,CxDOIDnH8gp9KXzpBHJYXw,Jennifer,5868,Parks,4.159090909090909
8,CxDOIDnH8gp9KXzpBHJYXw,Jennifer,5868,Churches,4.125
8,CxDOIDnH8gp9KXzpBHJYXw,Jennifer,5868,Outlet Stores,4.125
8,CxDOIDnH8gp9KXzpBHJYXw,Jennifer,5868,Religious Organizations,4.125
8,CxDOIDnH8gp9KXzpBHJYXw,Jennifer,5868,Butcher,4.071428571428571
8,CxDOIDnH8gp9KXzpBHJYXw,Jennifer,5868,Bikes,4.0
8,CxDOIDnH8gp9KXzpBHJYXw,Jennifer,5868,Wedding Planning,4.0
8,CxDOIDnH8gp9KXzpBHJYXw,Jennifer,5868,Scottish,4.0
8,CxDOIDnH8gp9KXzpBHJYXw,Jennifer,5868,Photographers,4.0
8,CxDOIDnH8gp9KXzpBHJYXw,Jennifer,5868,Graphic Design,4.0
8,CxDOIDnH8gp9KXzpBHJYXw,Jennifer,5868,Russian,4.0
8,CxDOIDnH8gp9KXzpBHJYXw,Jennifer,5868,Venezuelan,4.0
8,CxDOIDnH8gp9KXzpBHJYXw,Jennifer,5868,Customized Merchandise,4.0
8,CxDOIDnH8gp9KXzpBHJYXw,Jennifer,5868,Shared Office Spaces,4.0
8,CxDOIDnH8gp9KXzpBHJYXw,Jennifer,5868,Arcades,4.0
8,CxDOIDnH8gp9KXzpBHJYXw,Jennifer,5868,Physical Therapy,4.0
8,CxDOIDnH8gp9KXzpBHJYXw,Jennifer,5868,Gelato,4.0
8,CxDOIDnH8gp9KXzpBHJYXw,Jennifer,5868,Lebanese,4.0
8,CxDOIDnH8gp9KXzpBHJYXw,Jennifer,5868,Laotian,4.0
8,CxDOIDnH8gp9KXzpBHJYXw,Jennifer,5868,Cideries,4.0
8,CxDOIDnH8gp9KXzpBHJYXw,Jennifer,5868,Escape Games,4.0
8,CxDOIDnH8gp9KXzpBHJYXw,Jennifer,5868,Smokehouse,4.0
8,CxDOIDnH8gp9KXzpBHJYXw,Jennifer,5868,Recycling Center,4.0
8,CxDOIDnH8gp9KXzpBHJYXw,Jennifer,5868,Amateur Sports Teams,4.0
8,CxDOIDnH8gp9KXzpBHJYXw,Jennifer,5868,Currency Exchange,4.0
8,CxDOIDnH8gp9KXzpBHJYXw,Jennifer,5868,Cupcakes,4.0
8,CxDOIDnH8gp9KXzpBHJYXw,Jennifer,5868,Cooking Classes,4.0
8,CxDOIDnH8gp9KXzpBHJYXw,Jennifer,5868,Dance Schools,4.0
8,CxDOIDnH8gp9KXzpBHJYXw,Jennifer,5868,Coffee Roasteries,4.0
8,CxDOIDnH8gp9KXzpBHJYXw,Jennifer,5868,Real Estate,4.0
8,CxDOIDnH8gp9KXzpBHJYXw,Jennifer,5868,Tasting Classes,4.0
8,CxDOIDnH8gp9KXzpBHJYXw,Jennifer,5868,Art Schools,4.0
8,CxDOIDnH8gp9KXzpBHJYXw,Jennifer,5868,Summer Camps,4.0
8,CxDOIDnH8gp9KXzpBHJYXw,Jennifer,5868,Framing,4.0
8,CxDOIDnH8gp9KXzpBHJYXw,Jennifer,5868,Shaved Snow,4.0
8,CxDOIDnH8gp9KXzpBHJYXw,Jennifer,5868,Hakka,4.0
8,CxDOIDnH8gp9KXzpBHJYXw,Jennifer,5868,Peruvian,4.0
8,CxDOIDnH8gp9KXzpBHJYXw,Jennifer,5868,Art Classes,4.0
8,CxDOIDnH8gp9KXzpBHJYXw,Jennifer,5868,Candle Stores,4.0
8,CxDOIDnH8gp9KXzpBHJYXw,Jennifer,5868,Cooking Schools,4.0
8,CxDOIDnH8gp9KXzpBHJYXw,Jennifer,5868,Hazardous Waste Disposal,4.0
8,CxDOIDnH8gp9KXzpBHJYXw,Jennifer,5868,Salvadoran,4.0
8,CxDOIDnH8gp9KXzpBHJYXw,Jennifer,5868,Hawaiian,4.0
8,CxDOIDnH8gp9KXzpBHJYXw,Jennifer,5868,Party Supplies,4.0
8,CxDOIDnH8gp9KXzpBHJYXw,Jennifer,5868,Interior Design,4.0
8,CxDOIDnH8gp9KXzpBHJYXw,Jennifer,5868,Acupuncture,4.0
8,CxDOIDnH8gp9KXzpBHJYXw,Jennifer,5868,Meditation Centers,4.0
8,CxDOIDnH8gp9KXzpBHJYXw,Jennifer,5868,Farmers Market,4.0
8,CxDOIDnH8gp9KXzpBHJYXw,Jennifer,5868,Recording & Rehearsal Studios,4.0
8,CxDOIDnH8gp9KXzpBHJYXw,Jennifer,5868,Egyptian,4.0
8,CxDOIDnH8gp9KXzpBHJYXw,Jennifer,5868,Massage Therapy,4.0
8,CxDOIDnH8gp9KXzpBHJYXw,Jennifer,5868,Shades & Blinds,4.0
8,CxDOIDnH8gp9KXzpBHJYXw,Jennifer,5868,Musical Instruments & Teachers,4.0
8,CxDOIDnH8gp9KXzpBHJYXw,Jennifer,5868,International,4.0
8,CxDOIDnH8gp9KXzpBHJYXw,Jennifer,5868,Local Flavor,3.9814814814814814
8,CxDOIDnH8gp9KXzpBHJYXw,Jennifer,5868,Arts & Crafts,3.9642857142857144
8,CxDOIDnH8gp9KXzpBHJYXw,Jennifer,5868,Vegan,3.9615384615384617
8,CxDOIDnH8gp9KXzpBHJYXw,Jennifer,5868,Brasseries,3.9545454545454546
8,CxDOIDnH8gp9KXzpBHJYXw,Jennifer,5868,Landmarks & Historical Buildings,3.9375
8,CxDOIDnH8gp9KXzpBHJYXw,Jennifer,5868,Poutineries,3.9375
8,CxDOIDnH8gp9KXzpBHJYXw,Jennifer,5868,Delicatessen,3.9375
8,CxDOIDnH8gp9KXzpBHJYXw,Jennifer,5868,Flowers & Gifts,3.933333333333333
8,CxDOIDnH8gp9KXzpBHJYXw,Jennifer,5868,Wineries,3.9285714285714284
8,CxDOIDnH8gp9KXzpBHJYXw,Jennifer,5868,Fish & Chips,3.923076923076923
8,CxDOIDnH8gp9KXzpBHJYXw,Jennifer,5868,Meat Shops,3.9166666666666665
8,CxDOIDnH8gp9KXzpBHJYXw,Jennifer,5868,Art Galleries,3.9166666666666665
8,CxDOIDnH8gp9KXzpBHJYXw,Jennifer,5868,Chocolatiers & Shops,3.9166666666666665
8,CxDOIDnH8gp9KXzpBHJYXw,Jennifer,5868,Delis,3.875
8,CxDOIDnH8gp9KXzpBHJYXw,Jennifer,5868,Moroccan,3.875
8,CxDOIDnH8gp9KXzpBHJYXw,Jennifer,5868,Lingerie,3.875
8,CxDOIDnH8gp9KXzpBHJYXw,Jennifer,5868,Breweries,3.875
8,CxDOIDnH8gp9KXzpBHJYXw,Jennifer,5868,Soul Food,3.875
8,CxDOIDnH8gp9KXzpBHJYXw,Jennifer,5868,Cocktail Bars,3.875
8,CxDOIDnH8gp9KXzpBHJYXw,Jennifer,5868,Cosmetics & Beauty Supply,3.8636363636363638
8,CxDOIDnH8gp9KXzpBHJYXw,Jennifer,5868,German,3.857142857142857
8,CxDOIDnH8gp9KXzpBHJYXw,Jennifer,5868,Vintage & Consignment,3.8333333333333335
8,CxDOIDnH8gp9KXzpBHJYXw,Jennifer,5868,Antiques,3.8333333333333335
8,CxDOIDnH8gp9KXzpBHJYXw,Jennifer,5868,Used,3.8333333333333335
8,CxDOIDnH8gp9KXzpBHJYXw,Jennifer,5868,Education,3.8333333333333335
8,CxDOIDnH8gp9KXzpBHJYXw,Jennifer,5868,Live/Raw Food,3.8333333333333335
8,CxDOIDnH8gp9KXzpBHJYXw,Jennifer,5868,Himalayan/Nepalese,3.8333333333333335
8,CxDOIDnH8gp9KXzpBHJYXw,Jennifer,5868,Bistros,3.8333333333333335
8,CxDOIDnH8gp9KXzpBHJYXw,Jennifer,5868,Do-It-Yourself Food,3.8333333333333335
8,CxDOIDnH8gp9KXzpBHJYXw,Jennifer,5868,Pilates,3.8181818181818183
8,CxDOIDnH8gp9KXzpBHJYXw,Jennifer,5868,Spanish,3.8125
8,CxDOIDnH8gp9KXzpBHJYXw,Jennifer,5868,Vegetarian,3.8125
8,CxDOIDnH8gp9KXzpBHJYXw,Jennifer,5868,Modern European,3.8125
8,CxDOIDnH8gp9KXzpBHJYXw,Jennifer,5868,French,3.809090909090909
8,CxDOIDnH8gp9KXzpBHJYXw,Jennifer,5868,Active Life,3.8057851239669422
8,CxDOIDnH8gp9KXzpBHJYXw,Jennifer,5868,Bookstores,3.8
8,CxDOIDnH8gp9KXzpBHJYXw,Jennifer,5868,Performing Arts,3.8
8,CxDOIDnH8gp9KXzpBHJYXw,Jennifer,5868,Waffles,3.8
8,CxDOIDnH8gp9KXzpBHJYXw,Jennifer,5868,Latin American,3.7941176470588234
8,CxDOIDnH8gp9KXzpBHJYXw,Jennifer,5868,Middle Eastern,3.7916666666666665
8,CxDOIDnH8gp9KXzpBHJYXw,Jennifer,5868,Specialty Schools,3.7916666666666665
8,CxDOIDnH8gp9KXzpBHJYXw,Jennifer,5868,Candy Stores,3.7857142857142856
8,CxDOIDnH8gp9KXzpBHJYXw,Jennifer,5868,Jewelry,3.7857142857142856
8,CxDOIDnH8gp9KXzpBHJYXw,Jennifer,5868,Yoga,3.7785714285714285
8,CxDOIDnH8gp9KXzpBHJYXw,Jennifer,5868,Sports Wear,3.769230769230769
8,CxDOIDnH8gp9KXzpBHJYXw,Jennifer,5868,Creperies,3.769230769230769
8,CxDOIDnH8gp9KXzpBHJYXw,Jennifer,5868,Fitness & Instruction,3.7662337662337664
8,CxDOIDnH8gp9KXzpBHJYXw,Jennifer,5868,Tapas Bars,3.763157894736842
8,CxDOIDnH8gp9KXzpBHJYXw,Jennifer,5868,Nurseries & Gardening,3.75
8,CxDOIDnH8gp9KXzpBHJYXw,Jennifer,5868,Recreation Centers,3.75
8,CxDOIDnH8gp9KXzpBHJYXw,Jennifer,5868,Funeral Services & Cemeteries,3.75
8,CxDOIDnH8gp9KXzpBHJYXw,Jennifer,5868,Seafood Markets,3.75
8,CxDOIDnH8gp9KXzpBHJYXw,Jennifer,5868,Custom Cakes,3.75
8,CxDOIDnH8gp9KXzpBHJYXw,Jennifer,5868,Beer Tours,3.75
8,CxDOIDnH8gp9KXzpBHJYXw,Jennifer,5868,Cambodian,3.75
8,CxDOIDnH8gp9KXzpBHJYXw,Jennifer,5868,Community Service/Non-Profit,3.75
8,CxDOIDnH8gp9KXzpBHJYXw,Jennifer,5868,Whiskey Bars,3.75
8,CxDOIDnH8gp9KXzpBHJYXw,Jennifer,5868,Beer Bar,3.75
8,CxDOIDnH8gp9KXzpBHJYXw,Jennifer,5868,Ethical Grocery,3.75
8,CxDOIDnH8gp9KXzpBHJYXw,Jennifer,5868,Tapas/Small Plates,3.732142857142857
8,CxDOIDnH8gp9KXzpBHJYXw,Jennifer,5868,Sandwiches,3.7314814814814814
8,CxDOIDnH8gp9KXzpBHJYXw,Jennifer,5868,Southern,3.7142857142857144
8,CxDOIDnH8gp9KXzpBHJYXw,Jennifer,5868,Food Stands,3.7083333333333335
8,CxDOIDnH8gp9KXzpBHJYXw,Jennifer,5868,Fruits & Veggies,3.7083333333333335
8,CxDOIDnH8gp9KXzpBHJYXw,Jennifer,5868,Caterers,3.7027027027027026
8,CxDOIDnH8gp9KXzpBHJYXw,Jennifer,5868,Cajun/Creole,3.7
8,CxDOIDnH8gp9KXzpBHJYXw,Jennifer,5868,Patisserie/Cake Shop,3.7
8,CxDOIDnH8gp9KXzpBHJYXw,Jennifer,5868,Stadiums & Arenas,3.7
8,CxDOIDnH8gp9KXzpBHJYXw,Jennifer,5868,Photography Stores & Services,3.7
8,CxDOIDnH8gp9KXzpBHJYXw,Jennifer,5868,Street Vendors,3.6875
8,CxDOIDnH8gp9KXzpBHJYXw,Jennifer,5868,Music & Video,3.6875
8,CxDOIDnH8gp9KXzpBHJYXw,Jennifer,5868,Mags,3.6875
8,CxDOIDnH8gp9KXzpBHJYXw,Jennifer,5868,British,3.6875
8,CxDOIDnH8gp9KXzpBHJYXw,Jennifer,5868,Books,3.6875
8,CxDOIDnH8gp9KXzpBHJYXw,Jennifer,5868,Caribbean,3.685185185185185
8,CxDOIDnH8gp9KXzpBHJYXw,Jennifer,5868,Ice Cream & Frozen Yogurt,3.682795698924731
8,CxDOIDnH8gp9KXzpBHJYXw,Jennifer,5868,Organic Stores,3.6818181818181817
8,CxDOIDnH8gp9KXzpBHJYXw,Jennifer,5868,Event Planning & Services,3.6818181818181817
8,CxDOIDnH8gp9KXzpBHJYXw,Jennifer,5868,Hot Dogs,3.6666666666666665
8,CxDOIDnH8gp9KXzpBHJYXw,Jennifer,5868,Food Delivery Services,3.6666666666666665
8,CxDOIDnH8gp9KXzpBHJYXw,Jennifer,5868,Tours,3.6666666666666665
8,CxDOIDnH8gp9KXzpBHJYXw,Jennifer,5868,Donuts,3.6666666666666665
8,CxDOIDnH8gp9KXzpBHJYXw,Jennifer,5868,Bakeries,3.662
8,CxDOIDnH8gp9KXzpBHJYXw,Jennifer,5868,Sporting Goods,3.65625
8,CxDOIDnH8gp9KXzpBHJYXw,Jennifer,5868,Venues & Event Spaces,3.6551724137931036
8,CxDOIDnH8gp9KXzpBHJYXw,Jennifer,5868,Bagels,3.642857142857143
8,CxDOIDnH8gp9KXzpBHJYXw,Jennifer,5868,Food Trucks,3.642857142857143
8,CxDOIDnH8gp9KXzpBHJYXw,Jennifer,5868,Specialty Food,3.6416666666666666
8,CxDOIDnH8gp9KXzpBHJYXw,Jennifer,5868,Arts & Entertainment,3.636904761904762
8,CxDOIDnH8gp9KXzpBHJYXw,Jennifer,5868,Massage,3.6363636363636362
8,CxDOIDnH8gp9KXzpBHJYXw,Jennifer,5868,Breakfast & Brunch,3.635658914728682
8,CxDOIDnH8gp9KXzpBHJYXw,Jennifer,5868,Cafes,3.633116883116883
8,CxDOIDnH8gp9KXzpBHJYXw,Jennifer,5868,Wine Bars,3.6323529411764706
8,CxDOIDnH8gp9KXzpBHJYXw,Jennifer,5868,Festivals,3.6315789473684212
8,CxDOIDnH8gp9KXzpBHJYXw,Jennifer,5868,Gluten-Free,3.625
8,CxDOIDnH8gp9KXzpBHJYXw,Jennifer,5868,Indonesian,3.625
8,CxDOIDnH8gp9KXzpBHJYXw,Jennifer,5868,Community Centers,3.625
8,CxDOIDnH8gp9KXzpBHJYXw,Jennifer,5868,International Grocery,3.625
8,CxDOIDnH8gp9KXzpBHJYXw,Jennifer,5868,Hungarian,3.625
8,CxDOIDnH8gp9KXzpBHJYXw,Jennifer,5868,Brazilian,3.625
8,CxDOIDnH8gp9KXzpBHJYXw,Jennifer,5868,Cheese Shops,3.625
8,CxDOIDnH8gp9KXzpBHJYXw,Jennifer,5868,Food,3.5941080196399344
8,CxDOIDnH8gp9KXzpBHJYXw,Jennifer,5868,Gastropubs,3.5925925925925926
8,CxDOIDnH8gp9KXzpBHJYXw,Jennifer,5868,Salad,3.5925925925925926
8,CxDOIDnH8gp9KXzpBHJYXw,Jennifer,5868,Pets,3.5921052631578947
8,CxDOIDnH8gp9KXzpBHJYXw,Jennifer,5868,Coffee & Tea,3.590909090909091
8,CxDOIDnH8gp9KXzpBHJYXw,Jennifer,5868,Soup,3.590909090909091
8,CxDOIDnH8gp9KXzpBHJYXw,Jennifer,5868,Pet Stores,3.5757575757575757
8,CxDOIDnH8gp9KXzpBHJYXw,Jennifer,5868,Mexican,3.564516129032258
8,CxDOIDnH8gp9KXzpBHJYXw,Jennifer,5868,Hobby Shops,3.5625
8,CxDOIDnH8gp9KXzpBHJYXw,Jennifer,5868,Health & Medical,3.5625
8,CxDOIDnH8gp9KXzpBHJYXw,Jennifer,5868,Macarons,3.5625
8,CxDOIDnH8gp9KXzpBHJYXw,Jennifer,5868,Mediterranean,3.5606060606060606
8,CxDOIDnH8gp9KXzpBHJYXw,Jennifer,5868,Italian,3.5567375886524824
8,CxDOIDnH8gp9KXzpBHJYXw,Jennifer,5868,Desserts,3.5547619047619046
8,CxDOIDnH8gp9KXzpBHJYXw,Jennifer,5868,Music Venues,3.55
8,CxDOIDnH8gp9KXzpBHJYXw,Jennifer,5868,Pizza,3.5476190476190474
8,CxDOIDnH8gp9KXzpBHJYXw,Jennifer,5868,Cinema,3.5454545454545454
8,CxDOIDnH8gp9KXzpBHJYXw,Jennifer,5868,Barbeque,3.5454545454545454
8,CxDOIDnH8gp9KXzpBHJYXw,Jennifer,5868,Persian/Iranian,3.5357142857142856
8,CxDOIDnH8gp9KXzpBHJYXw,Jennifer,5868,Lounges,3.5319148936170213
8,CxDOIDnH8gp9KXzpBHJYXw,Jennifer,5868,Pet Services,3.53125
8,CxDOIDnH8gp9KXzpBHJYXw,Jennifer,5868,Diners,3.5294117647058822
8,CxDOIDnH8gp9KXzpBHJYXw,Jennifer,5868,Beauty & Spas,3.5294117647058822
8,CxDOIDnH8gp9KXzpBHJYXw,Jennifer,5868,Wine & Spirits,3.5223880597014925
8,CxDOIDnH8gp9KXzpBHJYXw,Jennifer,5868,Beer,3.5223880597014925
8,CxDOIDnH8gp9KXzpBHJYXw,Jennifer,5868,Nightlife,3.513029315960912
8,CxDOIDnH8gp9KXzpBHJYXw,Jennifer,5868,Bars,3.508417508417508
8,CxDOIDnH8gp9KXzpBHJYXw,Jennifer,5868,Health Markets,3.5
8,CxDOIDnH8gp9KXzpBHJYXw,Jennifer,5868,Imported Food,3.5
8,CxDOIDnH8gp9KXzpBHJYXw,Jennifer,5868,Beaches,3.5
8,CxDOIDnH8gp9KXzpBHJYXw,Jennifer,5868,Skating Rinks,3.5
8,CxDOIDnH8gp9KXzpBHJYXw,Jennifer,5868,Rugs,3.5
8,CxDOIDnH8gp9KXzpBHJYXw,Jennifer,5868,Wine Tours,3.5
8,CxDOIDnH8gp9KXzpBHJYXw,Jennifer,5868,Argentine,3.5
8,CxDOIDnH8gp9KXzpBHJYXw,Jennifer,5868,Austrian,3.5
8,CxDOIDnH8gp9KXzpBHJYXw,Jennifer,5868,Dive Bars,3.5
8,CxDOIDnH8gp9KXzpBHJYXw,Jennifer,5868,Ethiopian,3.5
8,CxDOIDnH8gp9KXzpBHJYXw,Jennifer,5868,Shoe Repair,3.5
8,CxDOIDnH8gp9KXzpBHJYXw,Jennifer,5868,Hookah Bars,3.5
8,CxDOIDnH8gp9KXzpBHJYXw,Jennifer,5868,Portuguese,3.5
8,CxDOIDnH8gp9KXzpBHJYXw,Jennifer,5868,Campgrounds,3.5
8,CxDOIDnH8gp9KXzpBHJYXw,Jennifer,5868,Bangladeshi,3.5
8,CxDOIDnH8gp9KXzpBHJYXw,Jennifer,5868,Leisure Centers,3.5
8,CxDOIDnH8gp9KXzpBHJYXw,Jennifer,5868,Brewpubs,3.5
8,CxDOIDnH8gp9KXzpBHJYXw,Jennifer,5868,Telecommunications,3.5
8,CxDOIDnH8gp9KXzpBHJYXw,Jennifer,5868,Airport Shuttles,3.5
8,CxDOIDnH8gp9KXzpBHJYXw,Jennifer,5868,Baseball Fields,3.5
8,CxDOIDnH8gp9KXzpBHJYXw,Jennifer,5868,African,3.5
8,CxDOIDnH8gp9KXzpBHJYXw,Jennifer,5868,Electronics Repair,3.5
8,CxDOIDnH8gp9KXzpBHJYXw,Jennifer,5868,Polish,3.5
8,CxDOIDnH8gp9KXzpBHJYXw,Jennifer,5868,Veterinarians,3.5
8,CxDOIDnH8gp9KXzpBHJYXw,Jennifer,5868,Aquarium Services,3.5
8,CxDOIDnH8gp9KXzpBHJYXw,Jennifer,5868,Swimming Pools,3.5
8,CxDOIDnH8gp9KXzpBHJYXw,Jennifer,5868,Cafeteria,3.5
8,CxDOIDnH8gp9KXzpBHJYXw,Jennifer,5868,Doctors,3.5
8,CxDOIDnH8gp9KXzpBHJYXw,Jennifer,5868,High Fidelity Audio Equipment,3.5
8,CxDOIDnH8gp9KXzpBHJYXw,Jennifer,5868,Halal,3.5
8,CxDOIDnH8gp9KXzpBHJYXw,Jennifer,5868,Hats,3.5
8,CxDOIDnH8gp9KXzpBHJYXw,Jennifer,5868,Cantonese,3.5
8,CxDOIDnH8gp9KXzpBHJYXw,Jennifer,5868,Afghan,3.5
8,CxDOIDnH8gp9KXzpBHJYXw,Jennifer,5868,Cuban,3.5
8,CxDOIDnH8gp9KXzpBHJYXw,Jennifer,5868,Jazz & Blues,3.5
8,CxDOIDnH8gp9KXzpBHJYXw,Jennifer,5868,Basque,3.5
8,CxDOIDnH8gp9KXzpBHJYXw,Jennifer,5868,South African,3.5
8,CxDOIDnH8gp9KXzpBHJYXw,Jennifer,5868,Emergency Pet Hospital,3.5
8,CxDOIDnH8gp9KXzpBHJYXw,Jennifer,5868,Irish Pub,3.5
8,CxDOIDnH8gp9KXzpBHJYXw,Jennifer,5868,Thrift Stores,3.5
8,CxDOIDnH8gp9KXzpBHJYXw,Jennifer,5868,Udon,3.5
8,CxDOIDnH8gp9KXzpBHJYXw,Jennifer,5868,Party & Event Planning,3.5
8,CxDOIDnH8gp9KXzpBHJYXw,Jennifer,5868,Greek,3.5
8,CxDOIDnH8gp9KXzpBHJYXw,Jennifer,5868,Hainan,3.5
8,CxDOIDnH8gp9KXzpBHJYXw,Jennifer,5868,Shanghainese,3.5
8,CxDOIDnH8gp9KXzpBHJYXw,Jennifer,5868,Pubs,3.4948453608247423
8,CxDOIDnH8gp9KXzpBHJYXw,Jennifer,5868,Noodles,3.486842105263158
8,CxDOIDnH8gp9KXzpBHJYXw,Jennifer,5868,Ethnic Food,3.481132075471698
8,CxDOIDnH8gp9KXzpBHJYXw,Jennifer,5868,Indian,3.4693877551020407
8,CxDOIDnH8gp9KXzpBHJYXw,Jennifer,5868,Ramen,3.467741935483871
8,CxDOIDnH8gp9KXzpBHJYXw,Jennifer,5868,Seafood,3.4669811320754715
8,CxDOIDnH8gp9KXzpBHJYXw,Jennifer,5868,Japanese,3.4663120567375887
8,CxDOIDnH8gp9KXzpBHJYXw,Jennifer,5868,Grocery,3.4642857142857144
8,CxDOIDnH8gp9KXzpBHJYXw,Jennifer,5868,Comfort Food,3.4634146341463414
8,CxDOIDnH8gp9KXzpBHJYXw,Jennifer,5868,American (New),3.4574468085106385
8,CxDOIDnH8gp9KXzpBHJYXw,Jennifer,5868,Sushi Bars,3.4565217391304346
8,CxDOIDnH8gp9KXzpBHJYXw,Jennifer,5868,Juice Bars & Smoothies,3.4555555555555557
8,CxDOIDnH8gp9KXzpBHJYXw,Jennifer,5868,Tea Rooms,3.4516129032258065
8,CxDOIDnH8gp9KXzpBHJYXw,Jennifer,5868,Trainers,3.45
8,CxDOIDnH8gp9KXzpBHJYXw,Jennifer,5868,Korean,3.4409722222222223
8,CxDOIDnH8gp9KXzpBHJYXw,Jennifer,5868,Bubble Tea,3.4318181818181817
8,CxDOIDnH8gp9KXzpBHJYXw,Jennifer,5868,Restaurants,3.431190583974649
8,CxDOIDnH8gp9KXzpBHJYXw,Jennifer,5868,Canadian (New),3.4285714285714284
8,CxDOIDnH8gp9KXzpBHJYXw,Jennifer,5868,Burgers,3.4166666666666665
8,CxDOIDnH8gp9KXzpBHJYXw,Jennifer,5868,Kitchen & Bath,3.409090909090909
8,CxDOIDnH8gp9KXzpBHJYXw,Jennifer,5868,Tex-Mex,3.4
8,CxDOIDnH8gp9KXzpBHJYXw,Jennifer,5868,Chicken Shop,3.4
8,CxDOIDnH8gp9KXzpBHJYXw,Jennifer,5868,Libraries,3.388888888888889
8,CxDOIDnH8gp9KXzpBHJYXw,Jennifer,5868,Public Services & Government,3.3835616438356166
8,CxDOIDnH8gp9KXzpBHJYXw,Jennifer,5868,Internet Cafes,3.375
8,CxDOIDnH8gp9KXzpBHJYXw,Jennifer,5868,Florists,3.375
8,CxDOIDnH8gp9KXzpBHJYXw,Jennifer,5868,Sri Lankan,3.375
8,CxDOIDnH8gp9KXzpBHJYXw,Jennifer,5868,Fast Food,3.3701298701298703
8,CxDOIDnH8gp9KXzpBHJYXw,Jennifer,5868,Thai,3.3684210526315788
8,CxDOIDnH8gp9KXzpBHJYXw,Jennifer,5868,Local Services,3.36
8,CxDOIDnH8gp9KXzpBHJYXw,Jennifer,5868,Asian Fusion,3.353211009174312
8,CxDOIDnH8gp9KXzpBHJYXw,Jennifer,5868,Irish,3.35
8,CxDOIDnH8gp9KXzpBHJYXw,Jennifer,5868,Chicken Wings,3.342857142857143
8,CxDOIDnH8gp9KXzpBHJYXw,Jennifer,5868,Amusement Parks,3.3333333333333335
8,CxDOIDnH8gp9KXzpBHJYXw,Jennifer,5868,Singaporean,3.3333333333333335
8,CxDOIDnH8gp9KXzpBHJYXw,Jennifer,5868,Pool Halls,3.3333333333333335
8,CxDOIDnH8gp9KXzpBHJYXw,Jennifer,5868,Professional Sports Teams,3.3333333333333335
8,CxDOIDnH8gp9KXzpBHJYXw,Jennifer,5868,Office Equipment,3.3333333333333335
8,CxDOIDnH8gp9KXzpBHJYXw,Jennifer,5868,Women's Clothing,3.3
8,CxDOIDnH8gp9KXzpBHJYXw,Jennifer,5868,Convenience Stores,3.3
8,CxDOIDnH8gp9KXzpBHJYXw,Jennifer,5868,Train Stations,3.3
8,CxDOIDnH8gp9KXzpBHJYXw,Jennifer,5868,Pakistani,3.3
8,CxDOIDnH8gp9KXzpBHJYXw,Jennifer,5868,Malaysian,3.2962962962962963
8,CxDOIDnH8gp9KXzpBHJYXw,Jennifer,5868,Belgian,3.2857142857142856
8,CxDOIDnH8gp9KXzpBHJYXw,Jennifer,5868,Auto Repair,3.2857142857142856
8,CxDOIDnH8gp9KXzpBHJYXw,Jennifer,5868,Kosher,3.2857142857142856
8,CxDOIDnH8gp9KXzpBHJYXw,Jennifer,5868,Vietnamese,3.2790697674418605
8,CxDOIDnH8gp9KXzpBHJYXw,Jennifer,5868,Buffets,3.272727272727273
8,CxDOIDnH8gp9KXzpBHJYXw,Jennifer,5868,Shopping,3.2664233576642334
8,CxDOIDnH8gp9KXzpBHJYXw,Jennifer,5868,Accessories,3.261904761904762
8,CxDOIDnH8gp9KXzpBHJYXw,Jennifer,5868,American (Traditional),3.2556818181818183
8,CxDOIDnH8gp9KXzpBHJYXw,Jennifer,5868,Professional Services,3.25
8,CxDOIDnH8gp9KXzpBHJYXw,Jennifer,5868,Food Court,3.25
8,CxDOIDnH8gp9KXzpBHJYXw,Jennifer,5868,Hospitals,3.25
8,CxDOIDnH8gp9KXzpBHJYXw,Jennifer,5868,Szechuan,3.25
8,CxDOIDnH8gp9KXzpBHJYXw,Jennifer,5868,Art Supplies,3.25
8,CxDOIDnH8gp9KXzpBHJYXw,Jennifer,5868,Outdoor Furniture Stores,3.25
8,CxDOIDnH8gp9KXzpBHJYXw,Jennifer,5868,Filipino,3.25
8,CxDOIDnH8gp9KXzpBHJYXw,Jennifer,5868,Social Clubs,3.25
8,CxDOIDnH8gp9KXzpBHJYXw,Jennifer,5868,Airport Lounges,3.25
8,CxDOIDnH8gp9KXzpBHJYXw,Jennifer,5868,Mobile Phone Repair,3.25
8,CxDOIDnH8gp9KXzpBHJYXw,Jennifer,5868,Gyms,3.25
8,CxDOIDnH8gp9KXzpBHJYXw,Jennifer,5868,Pan Asian,3.25
8,CxDOIDnH8gp9KXzpBHJYXw,Jennifer,5868,Pet Training,3.25
8,CxDOIDnH8gp9KXzpBHJYXw,Jennifer,5868,Steakhouses,3.2435897435897436
8,CxDOIDnH8gp9KXzpBHJYXw,Jennifer,5868,Chinese,3.2173112338858196
8,CxDOIDnH8gp9KXzpBHJYXw,Jennifer,5868,Fashion,3.216417910447761
8,CxDOIDnH8gp9KXzpBHJYXw,Jennifer,5868,Taiwanese,3.2127659574468086
8,CxDOIDnH8gp9KXzpBHJYXw,Jennifer,5868,Sports Bars,3.212121212121212
8,CxDOIDnH8gp9KXzpBHJYXw,Jennifer,5868,Pet Groomers,3.1875
8,CxDOIDnH8gp9KXzpBHJYXw,Jennifer,5868,Flea Markets,3.1666666666666665
8,CxDOIDnH8gp9KXzpBHJYXw,Jennifer,5868,Toy Stores,3.1666666666666665
8,CxDOIDnH8gp9KXzpBHJYXw,Jennifer,5868,Airports,3.1666666666666665
8,CxDOIDnH8gp9KXzpBHJYXw,Jennifer,5868,Men's Clothing,3.1666666666666665
8,CxDOIDnH8gp9KXzpBHJYXw,Jennifer,5868,Luggage,3.1666666666666665
8,CxDOIDnH8gp9KXzpBHJYXw,Jennifer,5868,Eyewear & Opticians,3.1666666666666665
8,CxDOIDnH8gp9KXzpBHJYXw,Jennifer,5868,Banks & Credit Unions,3.1666666666666665
8,CxDOIDnH8gp9KXzpBHJYXw,Jennifer,5868,Golf,3.1666666666666665
8,CxDOIDnH8gp9KXzpBHJYXw,Jennifer,5868,Dim Sum,3.1621621621621623
8,CxDOIDnH8gp9KXzpBHJYXw,Jennifer,5868,Home & Garden,3.1619718309859155
8,CxDOIDnH8gp9KXzpBHJYXw,Jennifer,5868,Home Decor,3.1551724137931036
8,CxDOIDnH8gp9KXzpBHJYXw,Jennifer,5868,Day Spas,3.1363636363636362
8,CxDOIDnH8gp9KXzpBHJYXw,Jennifer,5868,Casinos,3.125
8,CxDOIDnH8gp9KXzpBHJYXw,Jennifer,5868,Hotels,3.1153846153846154
8,CxDOIDnH8gp9KXzpBHJYXw,Jennifer,5868,Skin Care,3.0833333333333335
8,CxDOIDnH8gp9KXzpBHJYXw,Jennifer,5868,Hotels & Travel,3.0677966101694913
8,CxDOIDnH8gp9KXzpBHJYXw,Jennifer,5868,Home Services,3.0555555555555554
8,CxDOIDnH8gp9KXzpBHJYXw,Jennifer,5868,Public Transportation,3.05
8,CxDOIDnH8gp9KXzpBHJYXw,Jennifer,5868,Drugstores,3.0
8,CxDOIDnH8gp9KXzpBHJYXw,Jennifer,5868,Opera & Ballet,3.0
8,CxDOIDnH8gp9KXzpBHJYXw,Jennifer,5868,Pharmacy,3.0
8,CxDOIDnH8gp9KXzpBHJYXw,Jennifer,5868,Nutritionists,3.0
8,CxDOIDnH8gp9KXzpBHJYXw,Jennifer,5868,Eyelash Service,3.0
8,CxDOIDnH8gp9KXzpBHJYXw,Jennifer,5868,Home Theatre Installation,3.0
8,CxDOIDnH8gp9KXzpBHJYXw,Jennifer,5868,Trailer Repair,3.0
8,CxDOIDnH8gp9KXzpBHJYXw,Jennifer,5868,Nail Salons,3.0
8,CxDOIDnH8gp9KXzpBHJYXw,Jennifer,5868,Karaoke,3.0
8,CxDOIDnH8gp9KXzpBHJYXw,Jennifer,5868,Computers,3.0
8,CxDOIDnH8gp9KXzpBHJYXw,Jennifer,5868,Car Rental,3.0
8,CxDOIDnH8gp9KXzpBHJYXw,Jennifer,5868,Fondue,3.0
8,CxDOIDnH8gp9KXzpBHJYXw,Jennifer,5868,Appliances,3.0
8,CxDOIDnH8gp9KXzpBHJYXw,Jennifer,5868,Leather Goods,3.0
8,CxDOIDnH8gp9KXzpBHJYXw,Jennifer,5868,Ukrainian,3.0
8,CxDOIDnH8gp9KXzpBHJYXw,Jennifer,5868,Race Tracks,3.0
8,CxDOIDnH8gp9KXzpBHJYXw,Jennifer,5868,Haunted Houses,3.0
8,CxDOIDnH8gp9KXzpBHJYXw,Jennifer,5868,Burmese,3.0
8,CxDOIDnH8gp9KXzpBHJYXw,Jennifer,5868,Mobile Phones,3.0
8,CxDOIDnH8gp9KXzpBHJYXw,Jennifer,5868,Adult,3.0
8,CxDOIDnH8gp9KXzpBHJYXw,Jennifer,5868,Lighting Fixtures & Equipment,3.0
8,CxDOIDnH8gp9KXzpBHJYXw,Jennifer,5868,Medical Centers,3.0
8,CxDOIDnH8gp9KXzpBHJYXw,Jennifer,5868,Shopping Centers,3.0
8,CxDOIDnH8gp9KXzpBHJYXw,Jennifer,5868,Shoe Stores,3.0
8,CxDOIDnH8gp9KXzpBHJYXw,Jennifer,5868,Bowling,3.0
8,CxDOIDnH8gp9KXzpBHJYXw,Jennifer,5868,Hot Pot,2.9642857142857144
8,CxDOIDnH8gp9KXzpBHJYXw,Jennifer,5868,Transportation,2.9482758620689653
8,CxDOIDnH8gp9KXzpBHJYXw,Jennifer,5868,Automotive,2.9285714285714284
8,CxDOIDnH8gp9KXzpBHJYXw,Jennifer,5868,Mattresses,2.9
8,CxDOIDnH8gp9KXzpBHJYXw,Jennifer,5868,Financial Services,2.875
8,CxDOIDnH8gp9KXzpBHJYXw,Jennifer,5868,Gas Stations,2.857142857142857
8,CxDOIDnH8gp9KXzpBHJYXw,Jennifer,5868,Electronics,2.8461538461538463
8,CxDOIDnH8gp9KXzpBHJYXw,Jennifer,5868,Dance Clubs,2.8333333333333335
8,CxDOIDnH8gp9KXzpBHJYXw,Jennifer,5868,Medical Spas,2.8333333333333335
8,CxDOIDnH8gp9KXzpBHJYXw,Jennifer,5868,Hair Removal,2.8333333333333335
8,CxDOIDnH8gp9KXzpBHJYXw,Jennifer,5868,Furniture Stores,2.826923076923077
8,CxDOIDnH8gp9KXzpBHJYXw,Jennifer,5868,Car Dealers,2.7857142857142856
8,CxDOIDnH8gp9KXzpBHJYXw,Jennifer,5868,IT Services & Computer Repair,2.7777777777777777
8,CxDOIDnH8gp9KXzpBHJYXw,Jennifer,5868,Sports Clubs,2.6666666666666665
8,CxDOIDnH8gp9KXzpBHJYXw,Jennifer,5868,Children's Clothing,2.6666666666666665
8,CxDOIDnH8gp9KXzpBHJYXw,Jennifer,5868,Department Stores,2.6176470588235294
8,CxDOIDnH8gp9KXzpBHJYXw,Jennifer,5868,Discount Store,2.5714285714285716
8,CxDOIDnH8gp9KXzpBHJYXw,Jennifer,5868,Life Coach,2.5
8,CxDOIDnH8gp9KXzpBHJYXw,Jennifer,5868,Car Wash,2.5
8,CxDOIDnH8gp9KXzpBHJYXw,Jennifer,5868,Parking,2.5
8,CxDOIDnH8gp9KXzpBHJYXw,Jennifer,5868,Travel Services,2.5
8,CxDOIDnH8gp9KXzpBHJYXw,Jennifer,5868,Garage Door Services,2.5
8,CxDOIDnH8gp9KXzpBHJYXw,Jennifer,5868,Windows Installation,2.5
8,CxDOIDnH8gp9KXzpBHJYXw,Jennifer,5868,Buses,2.5
8,CxDOIDnH8gp9KXzpBHJYXw,Jennifer,5868,Pet Sitting,2.5
8,CxDOIDnH8gp9KXzpBHJYXw,Jennifer,5868,Music & DVDs,2.5
8,CxDOIDnH8gp9KXzpBHJYXw,Jennifer,5868,Contractors,2.5
8,CxDOIDnH8gp9KXzpBHJYXw,Jennifer,5868,Landscaping,2.5
8,CxDOIDnH8gp9KXzpBHJYXw,Jennifer,5868,Tabletop Games,2.5
8,CxDOIDnH8gp9KXzpBHJYXw,Jennifer,5868,Auto Parts & Supplies,2.5
8,CxDOIDnH8gp9KXzpBHJYXw,Jennifer,5868,Departments of Motor Vehicles,2.5
8,CxDOIDnH8gp9KXzpBHJYXw,Jennifer,5868,Hardware Stores,2.5
8,CxDOIDnH8gp9KXzpBHJYXw,Jennifer,5868,Airlines,2.3333333333333335
8,CxDOIDnH8gp9KXzpBHJYXw,Jennifer,5868,Passport & Visa Services,2.0
8,CxDOIDnH8gp9KXzpBHJYXw,Jennifer,5868,Baby Gear & Furniture,2.0
8,CxDOIDnH8gp9KXzpBHJYXw,Jennifer,5868,Television Stations,2.0
8,CxDOIDnH8gp9KXzpBHJYXw,Jennifer,5868,Mass Media,1.75
8,CxDOIDnH8gp9KXzpBHJYXw,Jennifer,5868,Truck Rental,1.5
8,CxDOIDnH8gp9KXzpBHJYXw,Jennifer,5868,Body Shops,1.5
8,CxDOIDnH8gp9KXzpBHJYXw,Jennifer,5868,Radio Stations,1.5
8,CxDOIDnH8gp9KXzpBHJYXw,Jennifer,5868,Gardeners,1.5
9,HFECrzYDpgbS5EmTBtj2zQ,Eric,5344,Farmers Market,4.5
9,HFECrzYDpgbS5EmTBtj2zQ,Eric,5344,Wedding Planning,4.5
9,HFECrzYDpgbS5EmTBtj2zQ,Eric,5344,Local Services,4.5
9,HFECrzYDpgbS5EmTBtj2zQ,Eric,5344,Lounges,4.5
9,HFECrzYDpgbS5EmTBtj2zQ,Eric,5344,Religious Organizations,4.5
9,HFECrzYDpgbS5EmTBtj2zQ,Eric,5344,Street Art,4.5
9,HFECrzYDpgbS5EmTBtj2zQ,Eric,5344,Botanical Gardens,4.5
9,HFECrzYDpgbS5EmTBtj2zQ,Eric,5344,Accessories,4.5
9,HFECrzYDpgbS5EmTBtj2zQ,Eric,5344,Local Flavor,4.5
9,HFECrzYDpgbS5EmTBtj2zQ,Eric,5344,Churches,4.5
9,HFECrzYDpgbS5EmTBtj2zQ,Eric,5344,Performing Arts,4.0
9,HFECrzYDpgbS5EmTBtj2zQ,Eric,5344,Pizza,4.0
9,HFECrzYDpgbS5EmTBtj2zQ,Eric,5344,American (New),4.0
9,HFECrzYDpgbS5EmTBtj2zQ,Eric,5344,Seafood,4.0
9,HFECrzYDpgbS5EmTBtj2zQ,Eric,5344,Desserts,4.0
9,HFECrzYDpgbS5EmTBtj2zQ,Eric,5344,French,4.0
9,HFECrzYDpgbS5EmTBtj2zQ,Eric,5344,Mass Media,4.0
9,HFECrzYDpgbS5EmTBtj2zQ,Eric,5344,Radio Stations,4.0
9,HFECrzYDpgbS5EmTBtj2zQ,Eric,5344,Men's Clothing,4.0
9,HFECrzYDpgbS5EmTBtj2zQ,Eric,5344,Italian,4.0
9,HFECrzYDpgbS5EmTBtj2zQ,Eric,5344,Venues & Event Spaces,4.0
9,HFECrzYDpgbS5EmTBtj2zQ,Eric,5344,Women's Clothing,4.0
9,HFECrzYDpgbS5EmTBtj2zQ,Eric,5344,Steakhouses,4.0
9,HFECrzYDpgbS5EmTBtj2zQ,Eric,5344,Observatories,4.0
9,HFECrzYDpgbS5EmTBtj2zQ,Eric,5344,Grocery,4.0
9,HFECrzYDpgbS5EmTBtj2zQ,Eric,5344,Museums,4.0
9,HFECrzYDpgbS5EmTBtj2zQ,Eric,5344,Television Stations,4.0
9,HFECrzYDpgbS5EmTBtj2zQ,Eric,5344,Food,3.875
9,HFECrzYDpgbS5EmTBtj2zQ,Eric,5344,Landmarks & Historical Buildings,3.875
9,HFECrzYDpgbS5EmTBtj2zQ,Eric,5344,Public Services & Government,3.875
9,HFECrzYDpgbS5EmTBtj2zQ,Eric,5344,Bookstores,3.8333333333333335
9,HFECrzYDpgbS5EmTBtj2zQ,Eric,5344,Books,3.8333333333333335
9,HFECrzYDpgbS5EmTBtj2zQ,Eric,5344,Cafes,3.8333333333333335
9,HFECrzYDpgbS5EmTBtj2zQ,Eric,5344,Coffee & Tea,3.8333333333333335
9,HFECrzYDpgbS5EmTBtj2zQ,Eric,5344,Mags,3.8333333333333335
9,HFECrzYDpgbS5EmTBtj2zQ,Eric,5344,Music & Video,3.8333333333333335
9,HFECrzYDpgbS5EmTBtj2zQ,Eric,5344,Stadiums & Arenas,3.8333333333333335
9,HFECrzYDpgbS5EmTBtj2zQ,Eric,5344,Art Galleries,3.8
9,HFECrzYDpgbS5EmTBtj2zQ,Eric,5344,Arts & Entertainment,3.7777777777777777
9,HFECrzYDpgbS5EmTBtj2zQ,Eric,5344,Cosmetics & Beauty Supply,3.75
9,HFECrzYDpgbS5EmTBtj2zQ,Eric,5344,Home Decor,3.75
9,HFECrzYDpgbS5EmTBtj2zQ,Eric,5344,Shopping Centers,3.75
9,HFECrzYDpgbS5EmTBtj2zQ,Eric,5344,Beauty & Spas,3.75
9,HFECrzYDpgbS5EmTBtj2zQ,Eric,5344,Shopping,3.7222222222222223
9,HFECrzYDpgbS5EmTBtj2zQ,Eric,5344,Bakeries,3.6666666666666665
9,HFECrzYDpgbS5EmTBtj2zQ,Eric,5344,Breakfast & Brunch,3.625
9,HFECrzYDpgbS5EmTBtj2zQ,Eric,5344,Fashion,3.6
9,HFECrzYDpgbS5EmTBtj2zQ,Eric,5344,Nightlife,3.6
9,HFECrzYDpgbS5EmTBtj2zQ,Eric,5344,Bars,3.6
9,HFECrzYDpgbS5EmTBtj2zQ,Eric,5344,Aquariums,3.5
9,HFECrzYDpgbS5EmTBtj2zQ,Eric,5344,Barbers,3.5
9,HFECrzYDpgbS5EmTBtj2zQ,Eric,5344,Leather Goods,3.5
9,HFECrzYDpgbS5EmTBtj2zQ,Eric,5344,Fast Food,3.5
9,HFECrzYDpgbS5EmTBtj2zQ,Eric,5344,Donuts,3.5
9,HFECrzYDpgbS5EmTBtj2zQ,Eric,5344,Train Stations,3.5
9,HFECrzYDpgbS5EmTBtj2zQ,Eric,5344,Hair Salons,3.5
9,HFECrzYDpgbS5EmTBtj2zQ,Eric,5344,Office Equipment,3.5
9,HFECrzYDpgbS5EmTBtj2zQ,Eric,5344,Salad,3.5
9,HFECrzYDpgbS5EmTBtj2zQ,Eric,5344,British,3.5
9,HFECrzYDpgbS5EmTBtj2zQ,Eric,5344,Ticket Sales,3.5
9,HFECrzYDpgbS5EmTBtj2zQ,Eric,5344,Baseball Fields,3.5
9,HFECrzYDpgbS5EmTBtj2zQ,Eric,5344,Sandwiches,3.375
9,HFECrzYDpgbS5EmTBtj2zQ,Eric,5344,Restaurants,3.3333333333333335
9,HFECrzYDpgbS5EmTBtj2zQ,Eric,5344,Event Planning & Services,3.3333333333333335
9,HFECrzYDpgbS5EmTBtj2zQ,Eric,5344,Active Life,3.3333333333333335
9,HFECrzYDpgbS5EmTBtj2zQ,Eric,5344,Home & Garden,3.3333333333333335
9,HFECrzYDpgbS5EmTBtj2zQ,Eric,5344,Delis,3.3333333333333335
9,HFECrzYDpgbS5EmTBtj2zQ,Eric,5344,Pubs,3.25
9,HFECrzYDpgbS5EmTBtj2zQ,Eric,5344,Caterers,3.25
9,HFECrzYDpgbS5EmTBtj2zQ,Eric,5344,American (Traditional),3.25
9,HFECrzYDpgbS5EmTBtj2zQ,Eric,5344,Parks,3.0
9,HFECrzYDpgbS5EmTBtj2zQ,Eric,5344,Airports,3.0
9,HFECrzYDpgbS5EmTBtj2zQ,Eric,5344,Public Transportation,3.0
9,HFECrzYDpgbS5EmTBtj2zQ,Eric,5344,Hobby Shops,3.0
9,HFECrzYDpgbS5EmTBtj2zQ,Eric,5344,Diners,3.0
9,HFECrzYDpgbS5EmTBtj2zQ,Eric,5344,Department Stores,3.0
9,HFECrzYDpgbS5EmTBtj2zQ,Eric,5344,Casinos,3.0
9,HFECrzYDpgbS5EmTBtj2zQ,Eric,5344,Burgers,3.0
9,HFECrzYDpgbS5EmTBtj2zQ,Eric,5344,Airport Shuttles,3.0
9,HFECrzYDpgbS5EmTBtj2zQ,Eric,5344,Canadian (New),3.0
9,HFECrzYDpgbS5EmTBtj2zQ,Eric,5344,Sports Bars,3.0
9,HFECrzYDpgbS5EmTBtj2zQ,Eric,5344,Hotels,2.75
9,HFECrzYDpgbS5EmTBtj2zQ,Eric,5344,Hotels & Travel,2.7083333333333335
9,HFECrzYDpgbS5EmTBtj2zQ,Eric,5344,Transportation,2.7
9,HFECrzYDpgbS5EmTBtj2zQ,Eric,5344,Automotive,2.5
9,HFECrzYDpgbS5EmTBtj2zQ,Eric,5344,Thai,2.5
9,HFECrzYDpgbS5EmTBtj2zQ,Eric,5344,Hardware Stores,2.5
9,HFECrzYDpgbS5EmTBtj2zQ,Eric,5344,Gas Stations,2.5
9,HFECrzYDpgbS5EmTBtj2zQ,Eric,5344,Asian Fusion,2.5
9,HFECrzYDpgbS5EmTBtj2zQ,Eric,5344,Korean,2.5
9,HFECrzYDpgbS5EmTBtj2zQ,Eric,5344,Tires,2.5
9,HFECrzYDpgbS5EmTBtj2zQ,Eric,5344,Limos,2.0
9,HFECrzYDpgbS5EmTBtj2zQ,Eric,5344,Mexican,1.5
9,HFECrzYDpgbS5EmTBtj2zQ,Eric,5344,Travel Services,1.5
9,HFECrzYDpgbS5EmTBtj2zQ,Eric,5344,Travel Agents,1.5
9,HFECrzYDpgbS5EmTBtj2zQ,Eric,5344,Airlines,1.5
10,kS1MQHYwIfD0462PE61IBw,Rob,4634,Bubble Tea,4.5
10,kS1MQHYwIfD0462PE61IBw,Rob,4634,Taiwanese,4.5
10,kS1MQHYwIfD0462PE61IBw,Rob,4634,Chinese,4.5
10,kS1MQHYwIfD0462PE61IBw,Rob,4634,Barbeque,4.5
10,kS1MQHYwIfD0462PE61IBw,Rob,4634,Caterers,4.5
10,kS1MQHYwIfD0462PE61IBw,Rob,4634,Juice Bars & Smoothies,4.5
10,kS1MQHYwIfD0462PE61IBw,Rob,4634,Wraps,4.5
10,kS1MQHYwIfD0462PE61IBw,Rob,4634,Salad,4.5
10,kS1MQHYwIfD0462PE61IBw,Rob,4634,Southern,4.5
10,kS1MQHYwIfD0462PE61IBw,Rob,4634,Chicken Shop,4.5
10,kS1MQHYwIfD0462PE61IBw,Rob,4634,Food Delivery Services,4.5
10,kS1MQHYwIfD0462PE61IBw,Rob,4634,Soup,4.5
10,kS1MQHYwIfD0462PE61IBw,Rob,4634,Singaporean,4.5
10,kS1MQHYwIfD0462PE61IBw,Rob,4634,Macarons,4.25
10,kS1MQHYwIfD0462PE61IBw,Rob,4634,Specialty Food,4.25
10,kS1MQHYwIfD0462PE61IBw,Rob,4634,Desserts,4.083333333333333
10,kS1MQHYwIfD0462PE61IBw,Rob,4634,Food,4.076923076923077
10,kS1MQHYwIfD0462PE61IBw,Rob,4634,Venues & Event Spaces,4.0
10,kS1MQHYwIfD0462PE61IBw,Rob,4634,Cajun/Creole,4.0
10,kS1MQHYwIfD0462PE61IBw,Rob,4634,Car Dealers,4.0
10,kS1MQHYwIfD0462PE61IBw,Rob,4634,Japanese,4.0
10,kS1MQHYwIfD0462PE61IBw,Rob,4634,Coffee & Tea,4.0
10,kS1MQHYwIfD0462PE61IBw,Rob,4634,French,4.0
10,kS1MQHYwIfD0462PE61IBw,Rob,4634,Mediterranean,4.0
10,kS1MQHYwIfD0462PE61IBw,Rob,4634,Steakhouses,4.0
10,kS1MQHYwIfD0462PE61IBw,Rob,4634,Golf,4.0
10,kS1MQHYwIfD0462PE61IBw,Rob,4634,Tapas/Small Plates,4.0
10,kS1MQHYwIfD0462PE61IBw,Rob,4634,Gelato,4.0
10,kS1MQHYwIfD0462PE61IBw,Rob,4634,Ice Cream & Frozen Yogurt,4.0
10,kS1MQHYwIfD0462PE61IBw,Rob,4634,Noodles,4.0
10,kS1MQHYwIfD0462PE61IBw,Rob,4634,Ramen,4.0
10,kS1MQHYwIfD0462PE61IBw,Rob,4634,Event Planning & Services,4.0
10,kS1MQHYwIfD0462PE61IBw,Rob,4634,Resorts,4.0
10,kS1MQHYwIfD0462PE61IBw,Rob,4634,Automotive,4.0
10,kS1MQHYwIfD0462PE61IBw,Rob,4634,Seafood,4.0
10,kS1MQHYwIfD0462PE61IBw,Rob,4634,Korean,4.0
10,kS1MQHYwIfD0462PE61IBw,Rob,4634,Active Life,4.0
10,kS1MQHYwIfD0462PE61IBw,Rob,4634,Spanish,4.0
10,kS1MQHYwIfD0462PE61IBw,Rob,4634,American (New),3.95
10,kS1MQHYwIfD0462PE61IBw,Rob,4634,Sandwiches,3.9166666666666665
10,kS1MQHYwIfD0462PE61IBw,Rob,4634,Restaurants,3.9
10,kS1MQHYwIfD0462PE61IBw,Rob,4634,Sushi Bars,3.9
10,kS1MQHYwIfD0462PE61IBw,Rob,4634,Asian Fusion,3.875
10,kS1MQHYwIfD0462PE61IBw,Rob,4634,Bakeries,3.857142857142857
10,kS1MQHYwIfD0462PE61IBw,Rob,4634,American (Traditional),3.8333333333333335
10,kS1MQHYwIfD0462PE61IBw,Rob,4634,Breakfast & Brunch,3.8333333333333335
10,kS1MQHYwIfD0462PE61IBw,Rob,4634,Hotels & Travel,3.8333333333333335
10,kS1MQHYwIfD0462PE61IBw,Rob,4634,Hotels,3.8333333333333335
10,kS1MQHYwIfD0462PE61IBw,Rob,4634,Thai,3.8333333333333335
10,kS1MQHYwIfD0462PE61IBw,Rob,4634,Bars,3.78125
10,kS1MQHYwIfD0462PE61IBw,Rob,4634,Cafes,3.75
10,kS1MQHYwIfD0462PE61IBw,Rob,4634,Vegetarian,3.75
10,kS1MQHYwIfD0462PE61IBw,Rob,4634,Pizza,3.75
10,kS1MQHYwIfD0462PE61IBw,Rob,4634,Burgers,3.75
10,kS1MQHYwIfD0462PE61IBw,Rob,4634,Vietnamese,3.75
10,kS1MQHYwIfD0462PE61IBw,Rob,4634,Buffets,3.75
10,kS1MQHYwIfD0462PE61IBw,Rob,4634,Wine Bars,3.75
10,kS1MQHYwIfD0462PE61IBw,Rob,4634,Nightlife,3.675
10,kS1MQHYwIfD0462PE61IBw,Rob,4634,Lounges,3.5625
10,kS1MQHYwIfD0462PE61IBw,Rob,4634,Indian,3.5
10,kS1MQHYwIfD0462PE61IBw,Rob,4634,Fast Food,3.5
10,kS1MQHYwIfD0462PE61IBw,Rob,4634,Italian,3.5
10,kS1MQHYwIfD0462PE61IBw,Rob,4634,Diners,3.5
10,kS1MQHYwIfD0462PE61IBw,Rob,4634,Casinos,3.5
10,kS1MQHYwIfD0462PE61IBw,Rob,4634,Arts & Entertainment,3.3333333333333335
10,kS1MQHYwIfD0462PE61IBw,Rob,4634,Dance Clubs,3.3125
10,kS1MQHYwIfD0462PE61IBw,Rob,4634,Music Venues,3.0
